location,description,url,followers_count,friends_count,listedcount,created_at,favourites_count,verified,statuses_count,lang,default_profile,bot
0,91,28,1129,7,2,727,0,0,23557,10,0,1
0,0,28,0,22,0,239,0,0,1,10,1,1
0,0,28,3,0,3,583,0,0,1050,10,1,1
411,858,98,505,13,49,711,0,0,5109,10,0,1
0,783,28,15,0,11,706,0,0,31365,11,1,1
66,578,309,16,1,4,353,0,0,1832,10,0,1
427,0,28,41,394,0,237,3,0,4,10,1,1
224,57,125,549,370,12,863,12,0,4658,10,0,1
0,376,28,0,60,0,756,0,0,10,10,1,1
0,748,28,0,43,4,521,48,0,86,10,1,1
0,168,28,102,3,21,968,0,0,10873,10,1,1
0,56,193,578,17,96,631,0,0,5234,10,0,1
0,850,28,1,34,0,994,68,0,98,10,1,1
29,55,77,1456,12,122,1032,4,0,72096,10,0,1
0,272,28,0,1,0,916,0,0,0,10,0,1
204,0,28,14,253,0,218,2,0,0,10,1,1
260,547,262,506,11,48,986,5,0,41052,10,1,1
0,83,28,307,0,21,946,1,0,423,10,0,1
0,705,28,518,5,51,680,0,0,94196,10,1,1
0,0,28,0,118,0,778,0,0,0,10,1,1
0,0,369,1,4,0,46,22,0,4,3,1,1
0,73,28,50,2,10,531,0,0,1228,10,1,1
217,442,28,3,336,0,257,29,0,39,10,1,1
0,559,63,394,0,48,691,0,0,7956,10,1,1
116,712,134,428,410,13,363,630,0,16989,10,1,1
0,265,28,630,4,42,382,96,0,15036,10,0,1
0,741,85,928,20,23,384,7,0,3421,10,1,1
179,605,28,44,5,11,633,3,0,2396,10,1,1
0,498,39,20,0,7,586,0,0,50,10,1,1
341,74,179,5831,57,354,554,16,0,457649,10,0,1
0,173,287,26,0,6,487,0,0,6832,10,1,1
0,840,259,10014,27,326,378,0,0,14473,11,0,1
315,496,269,8939,6003,516,103,710,0,5846,10,1,1
373,467,28,2,386,0,185,28,0,41,10,1,1
442,889,264,467,956,0,919,261,0,5748,10,0,1
262,387,195,94,1,25,1037,0,0,2383,10,0,1
351,360,327,6664,1,196,453,0,0,6025,10,1,1
248,632,28,0,335,0,190,24,0,32,10,1,1
0,822,368,4,0,1,287,0,0,1469,14,0,1
0,477,28,37,35,8,567,0,0,9,10,1,1
266,726,28,0,247,0,82,28,0,24,10,1,1
256,333,28,14,214,0,221,0,0,3,10,1,1
0,599,121,537,1,18,969,0,0,281,10,1,1
258,598,166,284,66,30,638,0,0,5986,10,1,1
0,0,28,0,27,0,1002,38,0,60,10,1,1
0,499,82,80,0,29,828,0,0,10794,10,1,1
0,262,28,120,836,0,525,1,0,8,10,1,1
426,869,28,293,344,2,322,0,0,8638,10,0,1
20,23,369,243,4,4,10,0,0,69595,1,1,1
0,186,28,18,3,8,543,1,0,1456,10,1,1
368,356,250,79,80,3,714,23,0,901,10,0,1
394,428,131,576,31,60,350,8,0,2370,10,1,1
0,305,28,2,42,1,629,29,0,39,10,1,1
234,124,28,0,349,0,110,42,0,77,10,1,1
41,561,246,21,0,7,549,0,0,1343,8,1,1
365,729,28,16,1,4,886,1,0,2001,10,1,1
0,833,28,239,0,53,1043,0,0,22089,10,1,1
0,864,163,9968,2,185,653,3399,0,8782,10,0,1
280,739,28,0,223,0,99,24,0,24,10,1,1
0,0,28,8,86,0,289,12,0,3,10,1,1
0,51,28,906,2434,0,693,277,0,528,10,1,1
147,268,28,1,352,0,280,29,0,33,10,1,1
289,202,135,1419,1,61,365,5,0,32244,10,0,1
204,659,28,39,0,0,412,1,0,303,10,1,1
231,483,302,835,2290,22,415,74533,0,17259,10,1,1
295,216,28,2,360,0,184,27,0,60,10,1,1
0,482,28,856,1078,7,893,0,0,130262,10,1,1
278,736,75,240,45,22,435,66,0,1993,10,0,1
0,209,29,4213,0,220,970,0,0,4364,10,0,1
115,562,28,77,490,0,734,1,0,15,10,0,1
189,417,28,0,336,0,182,23,0,23,10,1,1
0,789,28,172,5,21,688,5,0,3497,10,0,1
0,48,71,213,0,38,768,0,0,1063,10,1,1
57,768,300,379,12,38,729,0,0,22371,10,0,1
0,98,28,335,0,32,407,1,0,17375,10,0,1
363,0,356,102,86,0,310,0,0,1,10,1,1
0,461,189,52,0,15,904,0,0,93310,10,1,1
113,754,150,5631,6,188,803,48,0,6574,10,0,1
308,0,28,10,15,0,476,13,0,3,10,1,1
239,713,223,66,1,7,248,4,0,70,10,0,1
0,790,28,4965,0,244,720,1,0,67870,10,0,1
15,9,9,14917,227,27,48,919,0,53398,1,0,1
172,255,28,20,0,16,817,0,0,42453,10,1,1
370,115,28,803,31,34,323,0,0,808,10,0,1
0,296,258,164,0,35,348,51,0,2714,10,1,1
0,412,28,17,1,8,503,0,0,1522,10,1,1
0,444,28,9,0,5,553,0,0,6,10,1,1
0,678,28,9632,0,239,610,0,0,13936,10,0,1
0,0,28,0,86,0,780,0,0,0,10,1,1
0,0,369,6,109,0,37,0,0,2,1,1,1
196,142,88,1784,43,89,819,5,0,389,10,0,1
239,884,132,79,0,3,349,5,0,4007,10,0,1
287,424,28,96,29,10,1020,0,0,195,10,1,1
277,585,84,600,818,40,558,651,0,1787,10,0,1
0,221,28,52,2,5,274,0,0,702,11,1,1
0,551,28,184,0,8,269,0,0,1125,10,1,1
361,643,322,945,2027,3,566,2847,0,13935,10,0,1
414,802,313,67,0,17,824,0,0,886,10,1,1
0,832,28,1,29,0,1039,48,0,72,10,1,1
0,0,353,338,471,5,551,35,0,260,10,0,1
0,645,28,2925,3,139,454,0,0,708,10,1,1
0,0,225,10,0,2,114,0,0,10370,11,0,1
0,0,28,47,197,0,242,62,0,1,10,1,1
0,0,28,54,1351,0,990,2,0,6,10,1,1
0,0,369,0,9,0,45,0,0,0,1,1,1
0,871,98,209,16,20,733,0,0,21278,11,0,1
0,604,28,335,3,22,424,2,0,4934,19,0,1
214,120,28,1,369,0,255,28,0,36,10,1,1
39,99,28,62,0,19,305,0,0,4106,10,1,1
0,244,175,155,0,34,640,0,0,14702,10,1,1
0,328,28,125,1,30,704,0,0,3201,10,1,1
300,441,28,499,53,51,1006,75,0,2592,10,1,1
145,299,28,2,1,1,697,0,0,1360,10,1,1
0,0,28,70,5,8,1007,2,0,4310,10,1,1
0,0,168,305,4,13,326,0,0,112538,10,1,1
0,0,28,956,0,34,379,0,0,434,10,1,1
0,0,28,543,3911,0,624,141,0,0,10,1,1
0,672,28,37,0,8,618,0,0,0,10,1,1
0,78,362,13,164,1,291,0,0,5,10,1,1
0,107,326,107,30,17,165,2,0,11151,11,0,1
237,564,54,34284,17397,889,191,0,0,191383,10,0,1
272,600,155,273,37,42,568,0,0,10115,10,1,1
0,579,28,8,45,0,335,3,0,5,10,1,1
401,800,28,3459,2282,11,460,3888,0,57256,18,0,1
357,390,28,275,1,2,574,1,0,1961,10,0,1
0,0,28,1325,1797,64,359,0,0,18265,10,0,1
0,697,28,1690,0,38,261,108,0,15530,10,1,1
0,0,28,0,21,0,219,0,0,1,10,1,1
0,656,272,71,0,14,831,0,0,1490,10,1,1
88,200,28,2,501,0,140,102,0,130,10,1,1
363,727,47,4856,2162,85,361,0,0,1223,10,0,1
435,301,28,354,1,47,826,0,0,29635,10,1,1
0,0,28,0,39,0,794,0,0,0,10,1,1
0,355,328,455,480,23,123,42,0,6320,10,1,1
247,348,28,1,341,0,246,44,0,36,10,1,1
102,506,28,0,243,0,207,13,0,18,10,1,1
0,553,113,128,1814,0,510,7,0,18,10,1,1
0,0,28,3,39,0,294,0,0,3,10,1,1
436,304,28,151,1437,0,1010,1,0,5,10,1,1
319,673,34,137,0,24,903,0,0,86797,10,0,1
101,395,307,2108,3,60,352,8,0,49270,11,0,1
0,0,143,153,0,15,654,0,0,2072,10,1,1
0,0,28,0,27,0,999,86,0,127,10,1,1
0,796,28,41,1,11,526,0,0,673,10,1,1
0,602,28,460,65,26,104,14,0,9058,10,1,1
0,809,28,1569,4882,0,540,95,0,112,10,1,1
336,206,28,7852,1,400,912,8,0,27610,10,1,1
0,567,28,50,0,0,440,0,0,926,10,1,1
241,341,28,74,7,27,650,1,0,80949,10,1,1
316,46,136,2108,1,76,665,2,0,5619,10,0,1
118,536,28,0,266,0,92,22,0,35,10,1,1
0,447,227,1474799,1,6818,338,1793,0,20990,10,0,1
0,0,28,396,0,17,905,0,0,3608,10,1,1
48,692,158,166,25,18,319,0,0,3622,12,0,1
0,817,346,5388,0,178,895,0,0,31751,10,0,1
0,165,28,8,1,7,605,0,0,258,11,0,1
0,0,28,8063,1,13,931,42,0,119,10,1,1
0,798,28,148,0,22,1015,0,0,1723,11,0,1
0,37,369,7154703,240,4240,42,640,1,5995,1,0,1
312,411,28,9,484,0,143,87,0,109,10,1,1
360,178,28,47,1,9,658,0,0,2610,11,1,1
98,872,28,3,38,0,234,3,0,5,10,1,1
0,666,28,13,5,4,889,0,0,10693,10,0,1
371,419,342,1655947,0,5482,321,124,0,480858,10,0,1
0,90,165,2149,1,198,739,0,0,3741,10,1,1
160,456,28,1,261,0,90,24,0,21,10,1,1
0,847,28,646,1221,38,347,25654,0,26729,10,0,1
0,400,28,18672,0,252,513,0,0,18270,10,0,1
74,485,28,16,1,11,801,0,0,1237,10,1,1
380,434,28,14,1978,0,60,289,0,426,10,0,1
0,3,369,4,102,0,35,2,0,0,1,1,1
0,110,326,280,48,30,161,3,0,4722,11,0,1
0,698,28,147,0,22,288,0,0,1388,10,1,1
29,204,41,20,0,10,939,0,0,5131,10,0,1
24,28,25,918,0,13,39,2,0,92849,1,1,1
393,0,28,12,64,0,236,0,0,7,18,1,1
0,157,107,1381,0,45,470,0,0,1292,10,1,1
0,0,28,4948,296,15,501,17,0,41190,10,0,1
323,508,28,27,2257,2,66,288,0,323,10,0,1
0,0,28,0,30,0,790,0,0,0,10,1,1
0,0,28,0,18,0,791,0,0,0,10,1,1
0,169,28,0,44,0,505,73,0,106,10,1,1
0,365,28,2,51,0,810,75,0,125,10,1,1
353,464,28,213,213,18,1029,0,0,5988,11,0,1
0,747,286,189,366,0,997,1,0,36,10,1,1
0,0,28,166,1,24,357,0,0,17017,10,0,1
0,690,28,136,1,21,671,5,0,34446,10,0,1
0,530,146,100,1,19,434,257,0,6605,10,1,1
375,0,28,98,274,7,299,1,0,37,10,0,1
406,250,180,90,1,20,547,4,0,6703,10,1,1
309,734,28,7,0,8,689,0,0,5669,10,0,1
325,254,58,292,1,26,546,0,0,1958,10,0,1
403,797,123,4198,3,313,899,15,0,158639,10,1,1
333,586,127,60,0,19,561,0,0,1476,10,1,1
0,0,28,1,74,0,225,0,0,1,10,1,1
0,572,76,4355,2,194,974,3,0,26381,10,0,1
0,228,204,74,0,121,626,0,0,4415,10,1,1
378,724,28,3,270,0,83,19,0,22,10,1,1
265,149,28,3,631,0,457,115,0,177,10,1,1
375,0,70,9,93,0,475,0,0,8,10,1,1
162,364,66,263,13,16,325,0,0,452,10,0,1
187,326,242,8,0,4,1033,0,0,528,10,1,1
0,810,28,30,564,0,948,5,0,22,20,1,1
419,772,119,5528,117,197,622,71,0,5201,10,0,1
107,198,28,1,495,0,142,87,0,97,10,1,1
0,879,28,274,2,14,766,21,0,15340,10,1,1
122,722,141,1640,26,20,696,14,0,19151,10,0,1
0,654,28,689,4,35,608,1,0,46115,10,0,1
17,26,12,647,0,7,33,3,0,75704,1,1,1
290,160,219,1870,4,102,1005,3,0,16468,10,1,1
377,276,28,2,316,0,186,22,0,31,10,1,1
149,59,117,3523,2726,142,1021,32,0,18407,10,0,1
0,132,28,0,10,0,1040,56,0,79,10,1,1
324,635,28,2,362,0,189,34,0,39,10,1,1
77,688,28,33,13,10,168,0,0,1136,10,1,1
0,0,28,7,30,0,131,0,0,2,10,1,1
69,298,112,570,0,40,1027,1,0,5096,10,0,1
375,138,363,993,4992,20,199,8,0,108,10,0,1
0,96,40,3153,103,6295,173,0,0,288368,10,1,1
0,0,257,209,578,0,459,29,0,130,12,1,1
0,449,28,15659,0,380,641,0,0,849518,10,1,1
311,633,28,17,1926,1,76,279,0,369,10,0,1
204,653,331,99,563,1,290,1,0,46,10,1,1
0,548,98,34,1,8,726,0,0,41492,10,0,1
0,0,28,0,37,0,782,0,0,0,10,1,1
137,370,207,492,14,27,922,1,0,107,10,0,1
0,0,28,69,1513,0,651,0,0,1,10,1,1
0,677,28,6,0,6,1034,0,0,1066,10,1,1
159,399,169,43536,1,131,485,1,0,104405,10,0,1
219,112,330,712,623,38,375,1423,0,38905,10,0,1
0,0,28,153,0,7,701,0,0,144271,10,1,1
0,381,28,119,0,11,341,0,0,1761,10,1,1
0,781,28,9,1,9,965,0,0,2983,10,0,1
0,431,239,41,8,0,312,0,0,2,10,1,1
0,865,126,213,0,23,982,0,0,5685,10,1,1
0,715,28,463,14,28,80,4,0,2754,10,1,1
0,0,28,17,215,0,227,0,0,1,10,1,1
0,0,369,90,22,0,1,0,0,29724,0,1,1
194,150,28,93,95,15,585,0,0,23391,10,0,1
153,474,28,20,1867,0,55,286,0,397,10,0,1
362,660,315,153,2,9,857,3,0,391,10,1,1
0,75,171,119,1,21,635,0,0,18719,10,0,1
276,603,28,27,1928,0,49,314,0,355,10,0,1
0,0,369,0,25,0,25,0,0,0,1,1,1
0,384,28,12,0,4,481,0,0,251,10,1,1
188,466,337,978,2104,3,298,3,0,114,10,0,1
0,829,303,575,0,43,571,6,0,4204,10,0,1
0,859,28,1,69,0,506,0,0,11,10,1,1
0,0,28,0,67,0,661,0,0,0,10,1,1
0,0,28,1514,4218,2,371,523,0,522,10,1,1
0,766,51,55,2,4,642,0,0,759,10,1,1
8,11,1,41056,304,39,22,1009,0,63307,1,0,1
416,769,98,2097,4,62,771,0,0,47707,11,0,1
0,7,26,2399,4936,147,9,319,0,5581,1,0,1
0,79,283,27728,65,589,428,452,0,16231,10,0,1
190,519,37,42,0,3,122,1,0,964,10,1,1
0,279,251,110,111,14,578,0,0,3609,10,0,1
0,404,28,4294,7,41,719,134,0,72621,10,0,1
119,497,28,0,264,0,79,11,0,20,10,1,1
0,159,38,340,0,51,1051,0,0,188270,10,1,1
410,571,28,1902,3,447,157,11,0,95201,10,1,1
67,374,203,493,7,28,402,0,0,2964,10,0,1
0,117,156,39,0,14,975,0,0,208,10,0,1
0,576,28,190,657,31,163,39,0,594,10,0,1
51,396,159,557,3,6,418,11,0,440,10,0,1
342,311,56,1651,1,52,523,0,0,1599,10,1,1
0,0,28,202,8,23,396,0,0,2978,10,0,1
0,283,28,986,1,87,632,15734,0,30417,10,1,1
7,21,21,957,2826,39,18,3255,0,4413,1,0,1
169,201,28,3,343,0,183,37,0,41,10,1,1
0,430,28,0,148,0,755,7,0,17,10,1,1
0,807,28,372,4815,0,491,15,0,2,10,1,1
150,314,95,7503,0,122,124,1,0,108527,10,1,1
412,855,188,10407,11555,256,941,0,0,25783,10,0,1
0,636,98,1511,138,101,685,0,0,30161,11,0,1
0,878,187,29,1,9,703,0,0,105,10,1,1
29,320,28,253,0,37,683,0,0,40184,10,1,1
409,111,53,1174,19,58,890,23,0,1145,10,1,1
302,751,243,6805,88,25,1022,0,0,3272,10,1,1
125,210,28,1,280,0,88,19,0,16,10,1,1
0,687,28,943,1,75,849,0,0,14074,10,1,1
425,877,28,79,0,21,865,0,0,40308,10,0,1
0,218,28,302,1,53,751,0,0,2953,10,0,1
21,4,23,10684,158,31,34,41,1,91,1,1,1
173,76,28,75,0,7,669,0,0,6414,10,1,1
0,61,28,158,2410,0,581,0,0,1,10,1,1
0,880,28,7,1,8,761,0,0,5856,10,0,1
288,194,28,1,387,0,282,33,0,44,10,1,1
0,638,226,101,1,19,836,0,0,1281,10,1,1
0,148,348,133,271,0,401,39,0,18,10,0,1
284,852,28,280,0,24,646,0,0,717,10,1,1
341,246,140,299,1,21,655,0,0,3855,10,0,1
0,0,218,3738,7,86,944,24,0,59713,10,1,1
0,327,360,4,0,5,162,0,0,127,10,1,1
0,0,28,1,41,0,295,154,0,1,10,1,1
286,755,150,180,4,7,625,2,0,5265,10,0,1
0,208,28,280,0,28,1035,0,0,6413,10,1,1
349,786,28,36,1,7,1048,0,0,3649,10,0,1
229,532,33,632,0,42,952,0,0,2822,10,1,1
0,686,28,1,30,0,664,98,0,106,10,1,1
37,609,28,371,5,45,862,1,0,70202,10,0,1
0,313,28,17,564,0,643,0,0,4,10,1,1
0,0,28,20,287,0,220,2,0,1,9,1,1
0,868,28,412,15,32,614,0,0,46926,10,0,1
39,271,28,533,0,42,277,0,0,7145,10,1,1
297,753,28,2623,5,52,700,409,0,3952,10,0,1
240,340,28,202,1,28,855,0,0,1678,10,1,1
45,773,28,98,24,7,593,2,0,3336,10,1,1
0,695,28,694,0,54,480,0,0,22368,10,1,1
228,882,28,168,2,18,840,0,0,12406,10,1,1
0,853,28,147,0,31,1017,0,0,96,10,0,1
0,0,28,4087,1,5,594,1,0,3549,10,1,1
423,867,100,75,4,12,979,12,0,1770,10,0,1
261,435,28,8,669,1,452,133,0,177,10,1,1
0,745,28,237,1,32,587,0,0,27579,10,1,1
0,0,28,0,60,0,789,0,0,0,10,1,1
0,0,369,8,91,0,19,0,0,18,6,1,1
0,0,28,702,1359,4,296,0,0,94409,10,0,1
0,94,103,129,4,19,266,0,0,1168,10,1,1
0,63,28,292,2225,0,500,0,0,0,10,1,1
49,127,28,0,461,0,135,64,0,93,10,1,1
106,710,28,4,445,0,150,60,0,80,10,1,1
330,233,28,1,258,0,86,14,0,14,10,1,1
413,64,346,99,0,17,492,0,0,1665,10,0,1
0,719,28,66,2,24,996,0,0,432,10,1,1
16,5,14,752,0,4,5,86,0,21132,1,1,1
0,346,28,15,3,2,582,721,0,854,10,0,1
408,151,352,1902,94,98,879,5,0,21114,10,0,1
437,886,28,5744,3,112,648,2,0,105941,10,1,1
0,0,28,1,162,0,332,0,0,0,10,1,1
0,0,28,8,0,6,565,0,0,41,10,1,1
0,845,28,52,222,0,297,10,0,1,10,1,1
340,728,28,421,1636,34,765,0,0,4701,10,1,1
239,303,102,413,148,37,276,0,0,22,10,0,1
124,582,28,1479,3,11,555,19,0,32440,12,1,1
347,135,28,252,2,38,544,70,0,15823,10,0,1
97,181,110,163,206,11,356,12,0,502,10,1,1
0,0,28,3,30,0,116,0,0,1,10,1,1
0,179,306,65,0,21,634,0,0,10069,10,1,1
0,465,28,6766,3006,169,376,83,0,79860,10,0,1
0,513,28,1637,1770,18,264,2,0,66824,10,0,1
0,642,28,116,0,39,967,0,0,8421,10,1,1
204,0,28,24,712,1,423,2,0,22,11,1,1
168,593,28,239,344,15,385,0,0,9347,10,0,1
0,245,280,8073,1,118,573,0,0,29984,10,0,1
310,587,28,29,97,0,222,0,0,3,10,1,1
0,0,28,0,20,0,792,0,0,0,10,1,1
232,649,235,372,1136,1,106,1,0,46,10,0,1
0,207,28,6,0,5,590,0,0,2751,10,1,1
0,647,32,16748,41,11,959,20542,0,837,10,0,1
67,831,28,204,0,28,615,2,0,23502,10,0,1
243,490,46,12853,13,453,509,0,0,4874,10,1,1
334,235,282,16,3,5,628,1,0,119,10,0,1
242,136,245,592885,13699,13723,283,3716,1,51157,10,0,1
322,421,28,36,0,12,896,1,0,394,10,0,1
95,70,50,392,0,17,159,0,0,1325,10,1,1
301,378,317,5476,385,96,885,4,0,5846,12,1,1
233,423,28,22,2107,1,67,297,0,387,10,0,1
385,708,28,3,230,0,93,23,0,25,10,1,1
328,152,28,2,352,0,187,23,0,44,10,1,1
0,425,28,51,0,19,1047,0,0,13622,10,1,1
0,881,28,61,3,12,716,0,0,6000,10,0,1
73,851,28,3569,6,137,692,134,0,2459,10,0,1
213,468,28,2,262,0,94,13,0,19,10,1,1
152,885,28,11,201,0,464,26,0,5,10,1,1
11,32,11,1226,2636,24,13,25,0,664,1,0,1
110,613,28,1,455,0,127,72,0,121,10,1,1
0,167,28,57,1,10,426,0,0,79525,10,1,1
341,680,213,1211,1,35,873,0,0,160,10,1,1
332,595,28,0,338,0,178,32,0,35,10,1,1
0,0,28,0,98,0,243,0,0,2,10,1,1
0,297,365,131,1,26,134,0,0,1622,10,1,1
431,275,28,247,0,53,612,2,0,17811,10,0,1
0,606,101,85,13,2,548,1637,0,115,10,0,1
0,491,28,284,29,31,327,1,0,4865,10,1,1
0,180,48,5259,3881,65,336,83,0,545,10,0,1
0,803,28,176,16,25,758,4,0,5040,10,1,1
0,89,28,66,1,13,740,0,0,2989,10,1,1
0,580,350,36,0,9,260,0,0,416,10,1,1
170,88,28,633,43,65,1019,76,0,1627,10,1,1
0,0,28,7,163,0,315,0,0,1,10,1,1
0,808,28,55,1343,0,529,0,0,0,10,1,1
181,269,28,5,505,0,152,90,0,114,10,1,1
0,495,28,5730,951,223,421,3634,0,16205,10,0,1
123,105,28,4956,7,202,539,100,0,2179,10,1,1
248,525,28,2,350,0,174,20,0,21,10,1,1
341,843,28,533,2,34,897,2,0,1056,10,1,1
376,584,28,8,725,0,56,172,0,191,10,0,1
0,0,28,98,8,14,101,2,0,3375,10,1,1
0,841,28,29,0,16,527,0,0,2839,11,0,1
0,0,28,2,14,0,251,1,0,1,22,1,1
0,481,263,461,95,95,913,0,0,115356,12,1,1
205,696,152,601,0,53,474,0,0,24135,10,0,1
335,626,28,912,1164,56,722,3951,0,23106,10,0,1
0,100,28,236,0,26,408,0,0,9719,10,0,1
0,323,28,85,4707,0,984,2,0,4,10,1,1
381,436,99,14491,134,1229,429,2923,0,2497530,10,0,1
0,146,42,281,0,27,908,0,0,879,10,0,1
0,397,28,60,11,11,70,2,0,4882,10,1,1
339,215,28,10,1,4,861,0,0,787,10,0,1
87,507,184,174,6,13,72,0,0,1699,10,1,1
363,219,292,66,1801,1,462,0,0,30,10,1,1
0,543,28,148,0,21,468,0,0,12083,10,1,1
0,614,206,2047969,102396,13095,575,860,0,67905,10,0,1
111,310,244,326,947,0,233,0,0,13,10,1,1
307,533,28,2,353,0,111,18,0,30,10,1,1
239,237,252,15,134,0,331,0,0,3,10,0,1
126,622,28,445,4997,2,204,109,0,83,10,0,1
137,393,87,369,1,16,362,0,0,318279,10,0,1
0,857,260,8392,30,159,386,1361,0,5730,10,0,1
0,470,60,20723,3,159,867,33,0,663,10,0,1
0,0,28,0,30,0,795,0,0,0,10,1,1
180,784,28,2800,3049,19,769,20941,0,17985,10,0,1
0,733,111,939,0,21,736,1,0,626,10,1,1
0,85,28,4896,8,2186,721,57638,0,57640,10,0,1
100,133,28,1,331,1,177,15,0,29,10,1,1
184,693,28,500,0,24,330,0,0,5719,10,1,1
0,243,124,139,43,8,927,0,0,6345,10,0,1
0,883,28,5,0,2,156,0,0,424,10,0,1
93,277,28,1,498,0,482,103,0,102,10,1,1
175,335,28,30,0,8,978,0,0,11572,10,0,1
0,418,28,207,5,23,318,108,0,728,10,1,1
398,607,345,45,0,13,926,0,0,81,10,0,1
0,188,28,190,187,20,215,1,0,11079,10,0,1
308,0,28,38,113,0,147,1,0,1,10,1,1
33,452,28,197,0,82,725,0,0,684818,10,1,1
148,714,28,3,659,1,447,136,0,169,10,1,1
396,324,319,598,1,42,71,0,0,9684,11,1,1
223,190,80,88195,82994,1736,154,892,1,1933,10,1,1
0,256,367,132,0,31,983,0,0,14516,8,1,1
0,774,28,2,25,0,504,44,0,88,10,1,1
0,0,28,187,4271,0,562,51,0,165,10,1,1
0,0,28,8,5,6,645,0,0,27,10,1,1
0,711,28,879,1,151,351,2426,0,1217604,10,1,1
0,266,30,12,0,7,496,2,0,8637,10,1,1
0,0,28,9,25,0,752,400,0,385,19,1,1
0,815,28,6,36,0,723,77,0,151,10,1,1
0,166,28,0,32,0,993,59,0,82,10,1,1
50,211,28,1,337,0,196,38,0,30,10,1,1
439,410,118,211,1,31,679,0,0,46816,10,1,1
350,731,128,113,0,32,599,0,0,25120,10,0,1
91,709,28,0,235,0,84,14,0,14,10,1,1
0,663,28,1810,1,36,1012,24,0,35024,10,1,1
0,765,28,58,0,18,718,0,0,7839,10,1,1
0,752,104,86,28,16,864,127,0,211,10,0,1
0,443,28,17,4,4,115,0,0,228,10,1,1
0,804,28,14,593,0,798,1,0,4,10,1,1
62,295,28,12,742,1,53,148,0,175,10,0,1
279,377,28,35,2118,5,63,364,0,570,10,0,1
0,0,28,5,69,0,663,2,0,0,10,1,1
0,806,28,86,433,1,709,174,0,26,10,1,1
0,68,57,29,10,16,705,0,0,5197,10,1,1
321,60,304,1254,2,2852,560,3,0,335950,10,1,1
433,846,28,36,0,12,675,879,0,467,10,1,1
0,213,316,252,6,17,577,11,0,236,10,1,1
0,52,28,2,52,0,809,87,0,128,10,1,1
109,414,28,0,308,0,213,21,0,24,10,1,1
0,409,28,52,1,15,883,0,0,15085,10,0,1
0,0,28,0,30,0,788,0,0,0,10,1,1
418,866,28,39,0,12,745,0,0,9729,10,1,1
26,35,10,1421,2157,25,11,166,0,169,1,0,1
142,723,36,1701,1,145,517,1,0,3105,10,1,1
0,0,28,0,20,0,786,0,0,0,10,1,1
392,782,28,17,0,6,920,0,0,1859,10,1,1
0,596,211,82,1,18,797,0,0,2087,10,1,1
215,433,28,1,398,0,285,31,0,61,10,1,1
0,0,28,10,168,1,107,18,0,4,10,1,1
405,463,28,69,1193,0,749,2,0,10,10,0,1
0,0,28,4,140,0,580,0,0,1,10,1,1
257,856,28,21,1880,5,52,305,0,454,10,0,1
29,460,177,292,0,30,684,0,0,40166,10,1,1
0,799,28,4419,1,129,515,12,0,10626,10,1,1
0,0,28,0,18,0,785,0,0,0,10,1,1
0,334,94,1786,2525,21,652,1,0,136932,10,0,1
397,238,116,148,1,18,799,0,0,178,10,0,1
0,285,167,286,0,22,1052,0,0,94599,10,1,1
0,0,28,85,0,5,392,0,0,205,10,1,1
0,86,28,276,264,27,420,2,0,83013,10,0,1
0,331,28,206,124,0,317,0,0,4,10,1,1
40,257,234,81,1,10,530,0,0,2459,10,1,1
0,290,62,74704,1,618,550,5919,0,49429,10,0,1
0,679,340,212,2,54,728,0,0,8468,10,1,1
34,589,236,116,1,9,815,0,0,4659,10,1,1
56,406,81,371,1,32,989,2,0,3849,10,1,1
0,854,28,12,1053,0,928,0,0,2,10,1,1
167,67,217,156,2,12,796,4,0,7075,10,0,1
0,511,28,17,0,6,637,1,0,0,8,1,1
31,516,136,2482,1,94,1026,4,0,5597,10,0,1
0,826,28,50,0,2,537,1,0,1557,10,1,1
0,691,28,404,621,9,449,12,0,1169,10,1,1
229,523,28,175,2,20,235,2,0,8843,10,1,1
0,0,28,0,70,0,781,0,0,0,10,1,1
249,453,28,5,0,4,307,0,0,4472,10,1,1
0,77,28,662,0,67,467,0,0,56625,10,0,1
134,422,28,4,492,0,151,57,0,76,10,1,1
0,0,369,7,31,0,15,19,0,69,1,1,1
120,740,28,11,1983,0,62,323,0,397,10,0,1
0,890,28,152,374,0,844,47,0,1044,7,1,1
0,0,28,3,29,0,193,0,0,1,10,1,1
318,661,182,1264,1288,115,1041,0,0,24133,10,1,1
0,118,28,128,1,16,465,1,0,3533,10,0,1
0,315,28,0,26,0,998,47,0,65,10,1,1
0,343,28,46,20,8,964,0,0,516,10,1,1
0,38,369,684,68,5,16,6,0,9645,4,0,1
140,665,28,7,0,5,267,0,0,104,13,0,1
0,0,28,20,300,0,258,6,0,1,10,1,1
346,556,72,3745,0,171,579,0,0,3063,10,1,1
238,227,222,35906,35744,130,343,864,0,3027,10,1,1
244,701,28,78,2,5,450,1,0,677,10,1,1
0,367,28,68,0,18,572,2,0,2407,10,1,1
0,873,28,51,2,24,737,4,0,18514,10,1,1
0,813,28,12349,5,142,760,203,0,20547,10,0,1
0,0,28,65,220,5,472,1,0,24,10,1,1
198,0,28,4,70,0,226,1,0,1,10,0,1
129,342,109,627,10,26,644,6,0,1634,10,0,1
0,95,28,83,6,13,854,1,0,13849,10,0,1
255,524,28,4,537,0,432,90,0,103,10,1,1
46,794,98,864,5,62,767,0,0,23022,11,0,1
0,618,28,4937,5,135,992,0,0,1641,10,1,1
0,694,28,307,4,14,328,5,0,2060,10,1,1
0,448,28,242,1,36,1013,20,0,69791,10,0,1
0,0,28,777,4732,0,484,0,0,0,7,1,1
144,738,28,10,0,9,800,0,0,5205,10,0,1
0,681,28,43,0,0,672,0,0,2507,10,0,1
432,321,178,3246,2757,79,118,6466,0,69884,10,1,1
0,164,28,0,0,5,570,183,0,1,11,0,1
61,80,28,107,1,17,486,0,0,16414,10,0,1
114,330,28,299,42,10,915,0,0,26508,10,0,1
193,623,28,17,1903,1,58,311,0,366,10,0,1
0,0,28,22,201,0,300,7,0,8,7,1,1
38,834,31,33,1,6,591,2,0,1029,10,1,1
0,640,191,12415,402,122,611,201,0,5986,10,0,1
341,382,28,99348,3,7,738,4,0,428,10,0,1
424,58,28,27481,1,265,125,4,0,42940,10,1,1
0,540,28,305,29,7,430,3,0,162,10,1,1
209,563,28,98,48,14,271,4,0,2830,10,1,1
383,588,261,514,0,50,947,0,0,7455,10,0,1
95,72,49,495,1,33,158,0,0,4756,10,1,1
5,40,7,275,252,6,2,103,0,755,1,0,1
0,0,369,0,15,0,17,0,0,0,1,1,1
0,812,28,0,33,0,811,56,0,83,10,1,1
0,0,28,3,63,0,757,0,0,1,10,1,1
0,0,28,4,102,0,759,0,0,1,10,1,1
326,472,28,1,367,0,112,29,0,37,10,1,1
0,685,28,337,2,42,1046,12,0,7870,10,1,1
0,92,28,1599,3,3,1050,2,0,18100,11,1,1
0,620,28,26,4,5,909,0,0,3799,10,1,1
0,281,28,10250,10378,194,888,211,0,262067,10,1,1
25,33,24,43869,4786,69,14,125,0,120082,1,0,1
76,363,268,4,28,0,461,0,0,2,10,1,1
0,0,28,2,41,0,303,0,0,1,10,1,1
281,505,28,0,264,0,97,29,0,51,10,1,1
0,239,28,21,0,7,201,1,0,65,10,1,1
366,629,28,483883,0,4614,148,0,0,62634,10,0,1
225,0,197,461,873,0,381,0,0,126,13,1,1
0,0,28,4,32,0,976,0,0,29,10,1,1
0,592,28,0,14,0,763,81,0,95,10,1,1
130,756,28,788,0,7,370,0,0,2358,10,0,1
84,583,28,1,319,0,109,19,0,25,10,1,1
0,0,28,2,101,0,660,2,0,7,10,1,1
68,349,28,15,3,2,232,0,0,401,10,0,1
354,109,290,1645,1893,14,377,6,0,5024,10,0,1
0,220,28,6,0,4,272,0,0,11,11,1,1
0,730,91,337,2,40,827,0,0,28941,10,1,1
407,0,28,67,0,13,589,1,0,144,10,0,1
0,0,144,743,14,163,564,0,0,21164,10,0,1
0,0,28,179,1,10,961,0,0,1149,10,1,1
0,162,183,33,38,8,732,0,0,17,10,1,1
75,329,44,332,242,16,910,2,0,366,10,0,1
0,0,28,61,0,3,397,0,0,81,10,1,1
236,526,28,2,341,0,281,29,0,44,10,1,1
192,280,318,347,147,2,171,169,0,10042,10,1,1
197,478,28,4,24,0,598,1,0,0,10,1,1
0,371,320,113,1,5,742,0,0,776,10,1,1
0,0,28,5,93,0,987,5,0,1,10,1,1
70,49,65,98,45,28,512,38,0,223659,8,1,1
254,0,28,47,65,0,311,0,0,3,10,1,1
250,54,193,49,2,17,657,7,0,323,10,1,1
0,184,28,1,38,0,933,67,0,97,10,1,1
1,13,5,10832,2673,42,3,2413,0,34971,1,0,1
0,413,28,0,26,0,762,21,0,23,10,1,1
390,839,28,168,224,29,1004,432,0,7028,10,0,1
253,383,147,133554,95060,1455,411,1453,0,40763,10,0,1
0,788,28,102,1,5,930,0,0,266,10,1,1
0,0,28,4369,0,48,859,0,0,1542,10,1,1
212,674,208,970,1,73,724,0,0,2023,10,0,1
0,570,28,13,0,2,511,0,0,1947,10,1,1
0,128,122,104938,1064,482,346,11928,1,18504,10,0,1
329,555,28,481,0,78,433,0,0,6391,10,1,1
0,795,67,712,3,32,542,0,0,24996,10,1,1
121,446,28,23,121,0,340,62,0,16,10,1,1
0,0,28,32,1582,0,1053,0,0,4,13,1,1
0,780,28,132,1,10,753,2,0,503,10,0,1
22,12,22,6212,6397,136,43,329,0,206723,1,0,1
0,84,28,2807,1,140,538,3,0,1470,10,1,1
0,372,321,2339,1,138,822,0,0,3625,10,0,1
314,683,139,6645,1,191,850,168,0,8416,10,0,1
155,389,238,2271,3,110,702,0,0,15514,10,0,1
190,566,253,261,0,10,275,6,0,3410,10,1,1
0,792,28,93,1,16,871,0,0,29804,10,1,1
0,0,28,2,31,0,394,159,0,1,10,1,1
0,319,28,38,835,0,1000,0,0,4,10,1,1
54,232,137,5280,6,164,344,9,0,17341,10,0,1
0,0,28,11,205,0,858,22,0,0,10,1,1
0,657,220,111,0,16,924,0,0,1719,10,1,1
303,0,28,5,389,0,699,1,0,0,10,1,1
379,634,28,7,40,4,616,0,0,113,10,1,1
0,702,28,9,0,7,414,0,0,130,10,1,1
282,479,28,5,603,1,456,155,0,166,10,1,1
60,197,312,78,0,11,383,21,0,692,10,0,1
137,345,68,38529,6,940,541,0,0,10857,10,1,1
0,161,105,741,3,19,395,2,0,1125,11,0,1
0,317,28,2,116,0,494,4,0,8,10,1,1
176,87,28,1219,87,72,607,311,0,2200,10,1,1
0,0,28,1,9,0,314,0,0,1,10,1,1
0,420,151,181,1,25,823,0,0,60475,10,0,1
0,823,190,7,0,5,557,0,0,1381,10,0,1
341,267,192,62,1,9,576,1,0,1760,10,1,1
267,193,28,312,2,13,613,21,0,856,10,0,1
0,863,28,274,1728,0,953,11,0,11,10,1,1
0,531,198,154,2,16,138,4,0,658,10,0,1
94,439,240,703,32,1,342,0,0,2755,12,0,1
174,332,28,1553,2038,9,1038,1131,0,31437,10,1,1
138,476,241,51,1832,0,878,79,0,636,15,0,1
220,306,28,0,260,0,212,18,0,19,10,1,1
269,222,28,74,2,5,273,0,0,608,10,0,1
0,628,98,207,8,21,528,0,0,5591,11,0,1
0,0,279,69,4,12,834,1,0,171,10,1,1
0,231,28,52,2,16,210,21,0,7996,16,0,1
0,362,28,69,12,12,985,0,0,175,10,1,1
0,8,369,567,0,2,47,0,0,16733,4,0,1
81,141,323,912,2,17,869,19,0,3528,10,0,1
55,316,325,29,52,5,1030,4,0,58,17,0,1
391,820,98,35,0,8,695,0,0,2050,11,0,1
0,0,28,364,0,22,202,2,0,25220,10,1,1
0,835,205,40,0,9,914,25,0,1868,10,1,1
0,25,20,828,13,18,32,6,0,19596,1,1,1
0,0,295,61,150,0,197,191,0,130,12,1,1
207,155,28,273,0,19,302,0,0,7507,10,1,1
240,336,28,216,1,23,856,0,0,1725,10,1,1
171,352,90,15,159,2,837,0,0,525,10,0,1
0,545,267,342,0,42,872,0,0,22070,10,1,1
143,522,28,60,1,13,973,1,0,9249,10,1,1
83,66,294,447,1,50,514,0,0,21892,10,1,1
363,725,28,9301,1830,41,75,143,0,13454,10,1,1
0,669,28,97,0,21,536,0,0,34097,10,1,1
352,454,96,13049,0,115,167,0,0,260879,10,1,1
0,195,28,152,141,17,880,3,0,2281,10,0,1
0,373,271,501,1,27,627,1,0,2146,10,0,1
0,827,339,6776,4,174,620,287,0,3753,10,1,1
0,249,28,14,0,7,490,0,0,129,10,1,1
95,71,49,1396,2,57,160,0,0,5126,10,1,1
0,122,230,473,5,35,708,0,0,1814,10,0,1
441,0,28,6,124,0,146,2,0,0,10,1,1
78,616,28,5,474,1,141,80,0,81,10,1,1
0,0,28,2,51,0,522,0,0,0,10,1,1
0,322,256,43,1,19,404,0,0,3846,10,0,1
0,338,321,798,1,54,354,0,0,2539,10,0,1
0,565,224,2923,1,52,499,0,0,652,10,0,1
0,42,28,400,287,55,559,1,0,27635,10,0,1
0,137,284,9212,2,235,925,0,0,8996,10,1,1
298,287,28,1,336,0,195,35,0,33,10,1,1
304,101,324,169,18,3,743,3,0,4,10,1,1
356,274,28,86,0,25,623,0,0,22951,10,1,1
203,44,28,4159,5001,120,179,15,0,51,10,1,1
337,720,89,316,1981,28,839,2631,0,42565,10,0,1
0,557,133,70,0,20,774,1,0,16312,10,0,1
0,147,28,66,2,20,596,0,0,5647,10,1,1
239,196,28,79,1,10,750,0,0,3615,10,0,1
359,627,334,52957,710,1709,438,29,0,379275,10,0,1
202,611,28,6,43,0,130,12,0,2,10,1,1
53,361,28,258,2883,3,940,90,0,5401,12,1,1
283,528,28,2,685,4,458,164,0,204,10,1,1
30,836,28,127,1,17,923,0,0,2836,10,1,1
0,0,28,38,69,14,748,446,0,2957,12,1,1
131,577,28,248,231,46,846,56,0,71111,8,1,1
0,82,228,20,0,8,406,0,0,84,10,1,1
0,779,129,1787,1,24,495,0,0,27932,10,1,1
0,251,351,110,0,20,552,0,0,4185,10,1,1
0,648,28,1,32,0,520,66,0,93,10,1,1
400,824,28,602,830,18,731,2,0,93873,10,1,1
227,0,361,2,21,0,238,2,0,1,10,1,1
0,0,28,297,0,10,390,0,0,330,10,1,1
0,762,28,280,310,4,373,14,0,11307,10,1,1
384,240,71,620,2,49,1031,0,0,40633,10,1,1
320,380,28,256,639,11,206,0,0,1250,10,0,1
182,777,28,114,205,6,172,0,0,136271,10,0,1
0,113,196,114,243,6,170,0,0,4385,10,0,1
0,0,28,1536,1894,16,710,2161,0,3545,10,1,1
0,534,28,66,3716,0,617,0,0,0,10,1,1
0,226,28,183,1,16,882,1,0,3511,10,0,1
0,716,28,3,0,1,508,0,0,5236,10,0,1
32,652,69,693,0,37,833,1,0,12910,10,0,1
47,176,28,17289,8538,430,687,0,0,772559,10,0,1
0,369,28,990,7,122,806,2,0,35869,10,1,1
43,286,140,436,1,53,659,0,0,25646,10,0,1
0,676,98,81,39,20,802,0,0,1752,11,0,1
0,471,273,515,1,52,262,0,0,1271,10,1,1
438,45,28,142,24,12,853,33,0,723,10,1,1
0,309,28,0,35,0,1003,38,0,44,10,1,1
154,706,28,12,2004,0,60,276,0,333,10,0,1
65,187,341,491,4970,1,188,187,0,118,10,1,1
161,568,28,56,1,13,1023,1,0,7118,10,0,1
0,0,28,0,99,0,744,0,0,0,10,1,1
348,655,28,15,1,5,884,0,0,170,10,1,1
344,351,61,90,3,11,601,2,0,6585,10,0,1
254,0,28,6,157,0,247,11,0,0,10,1,1
0,682,332,4,30,0,250,1,0,3,10,0,1
12,18,3,41381,42166,181,23,0,0,1617,1,0,1
0,699,28,63,1,15,443,0,0,2078,10,0,1
0,0,28,0,28,0,1011,0,0,0,10,0,1
0,780,28,175,1,48,1001,1,0,13142,10,0,1
206,486,28,0,353,0,254,25,0,67,10,1,1
165,432,296,5558,6032,16,427,115,0,1877,10,1,1
440,502,355,500,726,10,419,17962,0,22712,10,0,1
0,0,28,6,662,0,405,156,0,211,10,1,1
0,590,329,56836,1,690,85,3,0,6863363,10,1,1
42,459,59,27004,21,830,639,158,0,3979,10,0,1
0,123,28,352,0,47,686,0,0,11068,10,1,1
58,294,98,735,1,19,673,0,0,45914,11,0,1
117,126,172,43721,165,681,425,0,0,938563,10,0,1
35,337,164,7203,1,354,956,3,0,3235,10,1,1
0,0,28,1,29,0,315,0,0,1,21,1,1
306,129,28,7,644,1,448,156,0,214,10,1,1
0,760,28,231,2,172,900,72,0,17500,10,1,1
0,821,202,2003,0,167,942,54,0,39446,10,0,1
0,134,28,347,4,53,830,39,0,42526,10,1,1
305,0,28,10,100,1,224,0,0,1,10,1,1
274,521,349,87216,15228,402,137,768,1,717,10,0,1
0,646,142,59,0,13,881,0,0,1343,10,1,1
0,887,28,3437,2,106,841,0,0,4356,16,1,1
0,458,28,760,1,45,121,31,0,4193,10,1,1
29,493,145,136,2,14,707,0,0,5684,10,0,1
0,53,28,27,326,0,666,7,0,472,10,1,1
293,520,28,5,662,1,483,169,0,208,10,1,1
79,171,28,5,187,0,192,6,0,1,10,1,1
218,637,28,0,292,0,98,31,0,31,10,1,1
200,401,28,0,260,0,100,17,0,15,10,1,1
0,156,28,84,14,3,129,0,0,238,10,0,1
358,860,28,16,1,8,935,0,0,3222,10,0,1
270,816,28,11,2,7,1024,0,0,5464,10,0,1
0,172,28,64,0,26,1025,0,0,3947,10,1,1
0,718,28,20,96,0,866,374,0,1,10,1,1
99,770,28,10,728,0,57,133,0,174,10,0,1
0,0,28,1,3,0,369,0,0,1,10,1,1
275,469,310,25,95,4,805,0,0,2722,10,0,1
0,0,28,0,39,0,793,0,0,0,10,1,1
136,537,28,33,2272,0,51,287,0,362,10,0,1
135,104,170,7230,947,1019,848,162,0,75122,10,0,1
0,121,28,1692,1,141,324,0,0,1575,10,1,1
292,416,28,4,704,1,417,168,0,198,10,1,1
0,814,28,67,242,7,690,45,0,470,10,0,1
338,675,28,1444,17,192,747,0,0,54742,10,1,1
430,767,345,40,0,18,870,0,0,5052,10,0,1
296,145,28,2,337,0,256,21,0,25,10,1,1
0,509,28,1307,1,61,966,0,0,2285,10,1,1
0,806,28,159,474,1,698,174,0,562,10,1,1
0,597,255,50,0,13,951,0,0,1462,10,1,1
0,273,238,129,1,23,588,0,0,2341,10,1,1
0,212,336,216,12,13,198,0,0,2535,10,0,1
157,69,28,2,287,0,211,12,0,17,10,1,1
211,749,28,0,276,0,96,16,0,42,10,1,1
72,0,28,7,33,0,217,0,0,3,10,1,1
0,549,299,475,0,27,278,0,0,17299,10,1,1
0,818,28,0,7,0,463,3,0,1,10,1,1
128,684,212,8372,4,23,413,0,0,2455,10,0,1
59,621,28,21,1921,1,65,260,0,322,10,0,1
0,47,28,366,0,59,451,0,0,19686,10,1,1
264,504,357,2101,1693,241,358,16017,0,2175,10,0,1
421,848,162,12090,12774,213,387,0,0,49305,10,0,1
0,451,28,10,0,8,355,0,0,289,10,0,1
0,177,73,3621,250,33,852,0,0,5479,10,1,1
0,0,28,10,164,0,676,64,0,66,7,1,1
0,20,369,26040,729,235,30,0,0,87219,4,1,1
0,260,275,8,0,9,200,0,0,764,10,0,1
166,119,55,62,4,26,670,19,0,23134,10,0,1
36,876,231,1802,1,124,139,5,0,5034,10,0,1
0,116,28,1609,0,60,320,0,0,1670,16,1,1
239,0,28,0,111,0,113,2,0,1,10,1,1
0,0,86,3,0,4,957,0,0,1208,10,1,1
44,405,28,60674,1,688,144,1605,0,12130,10,0,1
0,735,28,0,44,0,842,45,0,69,10,1,1
0,744,28,2838,6,97,1028,0,0,11889,10,1,1
18,39,27,1811,15,262,0,20,0,29998,1,0,1
19,27,13,1157,0,11,12,2,0,54289,1,1,1
0,391,347,4391,0,113,1045,4,0,8732,11,1,1
222,615,28,8,766,1,229,142,0,208,10,0,1
0,0,28,49,277,1,306,0,0,7,10,1,1
9,31,17,1727,46,47,28,193,0,28918,1,1,1
0,354,28,0,25,0,602,62,0,86,10,1,1
0,776,28,1,41,1,812,80,0,126,10,1,1
375,97,344,50196,48860,5850,337,112382,0,81267,10,1,1
0,771,345,314,0,50,898,0,0,2978,10,0,1
0,0,28,5,73,0,597,1,0,0,10,1,1
0,793,28,660,3,37,507,5,0,4529,10,1,1
0,0,28,0,39,0,783,0,0,0,10,1,1
0,838,28,64,0,13,535,0,0,180,10,0,1
0,510,28,185,1,14,518,0,0,573,10,1,1
0,65,333,3,201,0,313,1,0,1,10,1,1
0,358,28,571,6,13,887,11,0,72830,10,1,1
0,0,28,0,21,0,784,0,0,0,10,1,1
178,825,186,33,1,10,877,0,0,4032,10,0,1
263,189,28,0,327,0,175,26,0,31,10,1,1
273,125,28,11,820,0,231,157,0,587,10,0,1
345,560,28,1087,1,40,814,0,0,1947,10,1,1
291,415,28,1,328,0,176,27,0,26,10,1,1
374,650,28,26,1949,2,64,300,0,386,10,0,1
28,29,0,29879,108,88,20,1589,0,50659,1,0,1
327,624,28,1,496,0,136,95,0,108,10,1,1
0,170,28,206,2,16,694,8,0,18817,8,0,1
3,36,6,1323,1538,18,41,186,0,912,2,0,1
141,658,28,546,96,16,155,12,0,2639,11,1,1
4,16,18,1120,1168,5,38,1459,0,1556,1,0,1
133,527,249,7812,5,263,132,0,0,4464,10,0,1
0,224,28,1040,0,61,656,1,0,2633,10,1,1
90,717,28,0,256,0,95,13,0,11,10,1,1
0,888,28,0,28,0,847,103,0,145,10,1,1
0,230,276,8,0,8,906,0,0,2115,8,1,1
0,573,28,0,25,0,971,60,0,69,10,1,1
0,289,28,60,258,0,677,93,0,93,10,1,1
178,388,28,82,83,9,682,3,0,653,10,0,1
0,0,28,12,2,15,469,0,0,7086,10,1,1
0,0,28,62,973,0,600,10890,0,1,10,1,1
0,500,238,1047,1,60,773,0,0,3661,10,1,1
0,300,98,85,1,14,534,0,0,24631,11,0,1
191,480,28,23,1863,1,77,271,0,374,10,0,1
343,368,176,320,4,33,958,13,0,5570,10,1,1
27,19,4,27264,3516,383,24,5,0,508835,4,0,1
331,308,28,16,1859,0,61,262,0,336,10,0,1
0,554,28,2,41,0,498,68,0,119,10,1,1
386,455,247,4547,2,138,619,137,0,59621,10,1,1
0,862,28,1,38,0,929,74,0,89,10,1,1
0,514,28,31,0,6,717,0,0,975,10,1,1
14,22,8,170,3,2,8,0,0,22899,1,1,1
404,861,193,23,0,14,918,0,0,2584,10,1,1
0,0,28,74,744,1,488,90,0,14,18,1,1
146,394,285,372,2105,14,293,1,0,12,10,0,1
0,704,106,71727,34,778,194,0,0,109163,10,1,1
245,43,28,36,1,10,829,0,0,1025,10,1,1
0,517,74,13,3,4,442,0,0,79,10,1,1
0,778,28,861,2,48,674,0,0,6567,10,1,1
372,153,28,0,337,0,203,20,0,37,10,1,1
82,785,45,98,2,19,770,0,0,3621,10,0,1
80,632,28,8,674,0,479,144,0,176,10,1,1
0,542,160,300,1,12,360,1,0,777,10,0,1
0,103,335,75,48,13,609,0,0,2080,10,0,1
0,263,358,22,1,9,1036,0,0,3868,10,1,1
0,234,28,61,0,25,816,1,0,148294,11,1,1
317,241,64,155,0,29,667,0,0,9286,10,1,1
0,318,154,7872,2,264,301,2,0,72176,10,1,1
406,574,93,656,9,25,1042,36,0,3306,10,1,1
0,426,229,540,2,65,149,0,0,745,10,0,1
0,0,28,8,1,1,1018,0,0,0,10,1,1
0,761,293,183,3,5,902,0,0,31,10,1,1
77,689,28,77,39,13,169,4,0,2828,10,1,1
0,0,28,7,2,5,329,0,0,2296,10,1,1
415,830,28,1533,1714,14,972,0,0,19176,10,0,1
259,114,216,378,4,31,105,1,0,11085,10,1,1
0,758,28,55,0,18,563,0,0,10002,11,0,1
235,775,288,362770,355287,1895,437,9,1,3042,10,1,1
0,344,28,32,17,2,400,3,0,173,10,1,1
0,392,278,7,1,7,713,0,0,246,10,0,1
226,205,28,20,1883,1,54,302,0,374,10,0,1
0,703,28,1104,136,29,268,0,0,483,11,0,1
395,787,28,290,1,20,621,0,0,1196,10,1,1
428,805,345,236,0,37,545,0,0,2821,10,0,1
199,473,28,1,341,0,244,23,0,31,10,1,1
0,427,28,1854,8,2480,835,11,0,127238,10,1,1
0,0,28,35,206,0,436,0,0,4,10,1,1
0,0,28,6,2,2,164,0,0,6609,10,1,1
0,24,20,388,13,9,31,2,0,21390,1,1,1
0,764,28,18,0,7,678,0,0,1262,10,0,1
105,612,28,6,635,0,422,163,0,251,10,1,1
230,721,28,0,350,0,284,23,0,35,10,1,1
0,538,173,74,0,7,911,1,0,9057,13,1,1
0,487,201,7,0,9,907,0,0,2192,8,1,1
0,0,28,2,1,4,735,0,0,63519,10,1,1
183,539,120,1242,4610,26,119,0,0,8743,10,1,1
0,0,28,18,334,0,489,47,0,42,10,1,1
0,247,364,60427,0,320,868,0,0,68521,10,1,1
127,140,28,9,1,5,715,0,0,95,10,0,1
0,0,28,1186,1774,3,712,0,0,85162,13,1,1
0,0,28,17,221,1,843,15,0,444,10,1,1
71,494,28,3,698,0,145,136,0,178,10,1,1
208,630,161,56,1,17,991,0,0,12245,10,1,1
0,284,28,67,0,19,409,0,0,120232,10,1,1
252,603,28,1,509,0,133,75,0,104,10,1,1
0,737,28,142,1,20,901,0,0,3555,10,0,1
363,41,308,3508,4053,3,81,0,0,7252,12,0,1
0,849,52,2235,0,175,845,2,0,23695,10,1,1
0,501,28,0,28,0,934,49,0,90,10,1,1
299,191,28,251,131,36,1014,1,0,362,10,1,1
294,569,136,528,1,33,955,1,0,14915,10,1,1
177,670,266,247,12,24,741,0,0,13551,10,1,1
0,518,174,173,0,7,270,2,0,1188,11,1,1
64,512,28,15,1770,7,59,293,0,444,10,0,1
0,143,28,187,0,16,372,14,0,1577,10,0,1
0,339,320,396,1,30,821,0,0,3631,10,0,1
0,0,28,0,72,0,228,4,0,2,10,1,1
369,163,28,0,259,0,91,21,0,18,10,1,1
0,667,28,50,6,12,493,2,0,2001,10,1,1
239,617,237,2352,5001,79,181,3943,0,32426,10,1,1
0,185,28,17,0,2,339,0,0,170,10,1,1
0,625,274,585,3479,1,117,0,0,212,11,0,1
0,438,28,0,26,0,936,68,0,70,10,1,1
0,0,28,9,213,0,995,2,0,1,10,1,1
0,544,149,343,1,8,746,0,0,5140,10,1,1
30,837,28,10,1,5,950,0,0,13148,10,1,1
96,488,199,300,1,17,441,0,0,4092,10,1,1
304,102,209,7,166,0,263,2,0,15,10,1,1
86,575,28,13681,3306,15866,445,88,0,882734,15,1,1
163,743,28,1,333,0,253,35,0,31,10,1,1
0,236,214,1026,1,74,980,0,0,3456,10,1,1
0,0,28,1075,0,24,389,0,0,703,10,1,1
388,0,43,2048,5,79,764,75,0,25498,16,1,1
0,828,28,35,2,7,818,0,0,4571,10,0,1
0,293,138,107,541,0,754,151,0,650,10,0,1
237,631,305,449,0,9,410,0,0,998,10,1,1
383,489,79,799,1,58,333,0,0,11373,10,0,1
0,407,28,516,14,109,808,133,0,38073,10,1,1
92,402,108,576,39,10,473,21,0,52048,10,0,1
241,664,232,79,195,0,393,23,0,34,10,1,1
0,844,28,0,37,0,502,39,0,63,10,1,1
268,811,28,2,465,0,126,56,0,76,10,1,1
139,742,28,8,660,2,455,127,0,190,10,1,1
164,535,215,211,321,1,308,24,0,26,10,1,1
0,644,28,14,0,7,556,0,0,2653,10,1,1
23,34,16,2832,2,12,4,34,0,34306,1,1,1
355,217,28,2,492,0,431,71,0,79,10,1,1
0,546,28,113,28,15,636,2,0,3053,10,1,1
103,357,28,2,236,0,209,15,0,20,10,1,1
156,81,326,172,69,21,1049,5,0,1065316,10,0,1
29,359,277,150,0,18,875,6,0,326,10,0,1
158,610,28,5,485,0,128,90,0,98,10,1,1
422,278,221,18,1,4,180,0,0,2585,10,0,1
0,291,28,90,0,17,892,1,0,21327,11,1,1
0,325,28,13,0,3,917,0,0,1805,10,0,1
0,750,28,3,28,0,921,60,0,96,10,1,1
0,700,28,159,0,8,446,0,0,904,10,0,1
0,581,28,80,98,8,1009,2,0,375,10,1,1
0,429,210,38194,68,775,938,60,0,1393,10,0,1
434,353,28,110,1,13,777,2,0,6511,10,0,1
0,174,28,56,39,13,214,0,0,247223,17,1,1
313,192,28,1,253,0,89,25,0,26,10,1,1
0,870,28,49,12,7,439,1,0,831,11,0,1
0,0,28,145,0,7,391,0,0,153,10,1,1
0,601,28,566,122,56,374,7,0,33258,10,1,1
0,30,2,1353,76,4,6,1,0,21536,5,0,1
287,248,83,22,0,10,647,0,0,1212,10,1,1
85,350,28,4,668,0,279,125,0,172,10,1,1
0,0,28,4,343,1,223,0,0,1,10,1,1
115,379,28,331,890,1,825,3,0,11,10,0,1
0,0,28,0,2,0,316,0,0,1,10,1,1
0,484,153,281,0,40,813,0,0,1224,10,1,1
6,14,369,407,2,0,21,1,0,32573,1,0,1
63,199,28,6,341,0,286,42,0,73,10,1,1
429,780,28,195,1,14,533,5,0,5949,10,0,1
0,819,28,26,0,9,649,0,0,1317,10,0,1
0,253,28,1727,1030,38,120,117,0,1639,10,0,1
0,450,28,35,3,17,962,0,0,53057,10,1,1
195,503,28,21,2033,1,50,317,0,403,10,0,1
0,292,254,85,1,0,894,0,0,1000,10,1,1
0,801,359,10280,1,270,851,0,0,1592,11,0,1
2,1,19,13091,10734,2490,26,1005,0,53518,1,0,1
417,662,185,2896,2,225,478,15,0,113733,10,1,1
0,440,28,882,231,11,981,3,0,2826,10,1,1
402,108,265,1374,2102,13,524,2,0,114,10,1,1
0,223,115,318,4,44,519,0,0,128811,10,0,1
399,763,28,80,0,21,772,0,0,39803,10,1,1
0,558,92,182,0,27,820,0,0,3322,10,1,1
185,302,28,1,315,0,245,13,0,27,10,1,1
0,475,157,299,0,24,832,0,0,14332,10,1,1
0,347,28,372,0,12,304,0,0,2714,11,1,1
0,252,78,80,0,10,988,1,0,4854,10,1,1
210,264,28,3,314,0,102,34,0,56,10,1,1
285,746,28,2,276,0,208,23,0,23,10,1,1
0,0,28,1084,1368,43,937,0,0,10281,10,1,1
0,707,28,31,1,8,891,0,0,4911,10,0,1
237,732,28,1628,4,7,838,3,0,5155,10,1,1
0,641,28,1510,2126,20,216,0,0,207479,10,0,1
0,10,369,109901,85639,650,36,3550,0,455,1,1,1
251,874,28,197,0,11,730,0,0,199,10,0,1
362,651,28,6465,5916,133,265,0,0,18513,10,0,1
0,0,28,3,114,0,249,2,0,1,10,1,1
364,131,28,88,29,4,367,0,0,178,10,1,1
0,225,366,32,1,9,860,0,0,2290,10,1,1
0,386,28,130,0,0,876,0,0,3190,10,1,1
201,619,28,2,334,0,252,19,0,27,10,1,1
104,229,297,6,3,7,963,0,0,253,10,1,1
0,0,28,276,540,6,205,21524,0,3062,10,1,1
382,182,28,887,0,14,516,20624,0,43512,10,0,1
178,139,28,47,45,10,630,113,0,1752,10,1,1
0,0,28,1,42,0,779,0,0,0,10,1,1
420,875,148,1461,197,134,403,1,0,23533,10,1,1
0,0,28,128,0,6,398,0,0,151,10,1,1
0,608,28,806,4924,1,945,92,0,19,10,1,1
0,0,28,0,14,0,775,0,0,0,10,1,1
0,462,28,41,0,11,681,0,0,300,10,1,1
52,312,28,5418,4307,97,603,1,0,45675,10,0,1
0,403,28,98866,108366,122,380,851,0,868,10,0,1
89,457,28,0,240,0,87,21,0,13,10,1,1
216,0,28,3,156,0,240,0,0,2,10,1,1
0,62,28,904,0,19,874,0,0,1123,10,0,1
364,130,28,35,54,2,366,0,0,114,10,1,1
186,842,28,282,2205,0,241,1,0,3,10,1,1
0,258,28,3588,0,135,932,0,0,18413,10,0,1
112,594,194,132,46,24,69,740,0,7346,10,1,1
0,158,181,3788,4466,41,73,3,0,297198,10,1,1
0,791,28,67,0,17,606,0,0,103,10,1,1
221,385,281,883,1,42,477,0,0,2574,10,1,1
0,50,354,3835,1,77,804,1,0,1432,10,1,1
0,552,28,410,0,29,364,0,0,7709,10,1,1
132,0,28,78,41,0,230,6628,0,4249,10,1,1
0,668,28,235,192,9,345,4,0,7875,10,1,1
151,259,130,530,2,18,334,2,0,298,10,0,1
0,0,28,0,30,0,787,0,0,0,10,1,1
0,175,291,2845,4,62,368,0,0,16272,10,0,1
0,282,35,52,1,10,776,0,0,80,10,1,1
0,0,28,683,0,35,388,0,0,577,10,1,1
0,408,114,173,0,13,584,0,0,6893,10,1,1
0,445,270,83215,12,1789,399,45,0,2063,10,0,1
0,0,28,6,17,0,292,0,0,1,10,1,1
389,307,289,10,2,4,1016,0,0,5775,10,1,1
246,154,28,2,249,0,78,14,0,26,10,1,1
0,0,28,78,0,31,471,0,0,10130,10,1,1
0,183,233,82,0,9,74,0,0,4591,10,0,1
0,550,28,87,0,9,466,0,0,2905,10,0,1
0,0,369,3,21,0,29,0,0,0,1,1,1
0,492,301,11,0,6,259,0,0,52,10,1,1
387,671,314,260,0,34,153,0,0,25155,10,1,1
132,242,28,291,1,17,497,30,0,3223,10,0,1
0,398,28,159,6,26,954,0,0,5019,10,1,1
0,106,63,40,0,15,604,0,0,3921,10,1,1
0,515,248,1814,0,172,977,5106,0,57061,10,1,1
271,270,28,0,280,0,108,21,0,31,10,1,1
0,0,28,0,9,0,532,0,0,0,10,1,1
364,541,28,806,85,32,416,229,0,1497,11,0,1
0,261,28,25,524,0,595,1,0,1,10,1,1
0,639,28,77,1,27,668,0,0,5057,10,1,1
13,15,369,140,0,2,40,0,0,16203,1,1,1
137,203,28,41,0,12,1044,0,0,2397,10,0,1
0,93,28,1248,7,3,569,0,0,11708,10,0,1
14,6,15,662,3,6,27,60,0,29818,1,1,1
0,529,298,49,1,6,68,23,0,9820,13,0,1
0,144,28,0,35,0,592,58,0,83,10,1,1
10,2,369,1148,7,12,44,6,0,24607,1,1,1
0,17,369,2,85,0,7,7,0,11,1,1,1
367,375,338,19,23,4,444,2,0,2768,10,0,1
108,214,311,10057,7468,108,166,1905,0,1459,10,0,1
0,366,200,1464,40,157,807,996,0,144584,10,0,1
0,757,343,490,1,21,943,0,0,927,10,1,1
0,759,97,93,0,24,960,0,0,5145,10,0,1
0,591,28,36,1,11,949,0,0,793,10,1,1
0,0,28,60,32,6,1008,2,0,4365,10,1,1
207,437,28,214,0,20,309,0,0,9727,10,1,1
0,288,28,34,787,0,662,7,0,2,10,1,1
