screen_name,location,followers_count,friends_count,listedcount,favourites_count,verified,statuses_count,status,name,bot
27,32,1291.0,0,10.0,0,0,878,369,34,1.0
704,615,51.0,1,12.0,0,0,47,950,940,1.0
705,656,106126.0,0,999.0,176,0,454,679,335,1.0
737,501,2302.0,312,161.0,363,0,872,517,971,1.0
696,678,443.0,189,17.0,464,0,952,277,312,1.0
215,330,1327.0,189,92.0,0,0,361,435,292,1.0
1,4,0.0,484,0.0,499,0,239,330,1,1.0
173,173,903.0,1,50.0,0,0,539,165,226,1.0
850,663,1076.0,0,40.0,0,0,99,962,1018,1.0
157,525,399.0,558,20.0,477,0,402,691,190,1.0
1009,1,394.0,348,0.0,397,0,520,579,966,1.0
72,68,0.0,96,0.0,176,0,76,317,88,1.0
36,41,1334.0,0,13.0,499,0,762,373,52,1.0
916,247,1807.0,6,258.0,51,0,95,298,343,1.0
220,491,82.0,450,10.0,0,0,206,807,301,1.0
498,309,403.0,520,16.0,1,0,88,792,813,1.0
528,333,7324.0,423,202.0,430,1,499,246,1024,1.0
336,397,15.0,176,0.0,0,0,262,97,516,1.0
483,391,127.0,161,6.0,524,0,100,195,786,1.0
37,50,281.0,458,1.0,1,0,334,328,71,1.0
891,510,23472.0,189,653.0,46,0,766,245,677,1.0
393,173,11.0,589,0.0,0,0,0,239,620,1.0
74,36,928.0,0,20.0,0,0,847,382,92,1.0
244,631,31.0,234,4.0,176,0,214,623,353,1.0
56,4,539.0,2,36.0,416,0,300,380,68,1.0
733,621,23.0,0,10.0,0,0,547,942,1023,1.0
994,446,254.0,128,31.0,384,0,131,921,867,1.0
1005,566,447990.0,446,4233.0,368,0,31,135,893,1.0
571,245,38413.0,189,438.0,254,0,160,508,367,1.0
277,532,44.0,0,5.0,416,0,82,453,396,1.0
17,64,19048.0,189,135.0,499,0,318,366,26,1.0
241,472,15.0,1,7.0,176,0,862,652,346,1.0
376,560,669.0,572,162.0,574,0,305,658,590,1.0
620,522,95.0,312,0.0,0,0,373,843,206,1.0
293,503,34.0,222,9.0,0,0,263,593,425,1.0
629,460,156.0,1,19.0,0,0,321,906,946,1.0
7,42,970.0,134,15.0,98,0,965,391,8,1.0
86,4,3.0,503,0.0,0,0,0,323,42,1.0
899,534,55.0,1,8.0,0,0,250,256,689,1.0
334,237,1214.0,263,30.0,587,0,592,132,165,1.0
907,337,255.0,458,8.0,0,0,434,654,832,1.0
1014,330,20.0,1,6.0,0,0,181,512,911,1.0
208,181,1929.0,289,28.0,155,0,17,964,281,1.0
433,569,660.0,0,23.0,0,0,658,1,692,1.0
621,461,6027.0,0,36.0,176,0,66,462,208,1.0
641,612,3947.0,434,94.0,503,0,931,949,950,1.0
209,325,638.0,521,0.0,1,0,637,558,283,1.0
574,607,152.0,0,85.0,0,0,492,746,123,1.0
936,102,62.0,0,13.0,0,0,202,449,999,1.0
410,596,117.0,347,10.0,499,0,431,465,209,1.0
953,616,198.0,189,20.0,1,0,65,976,806,1.0
918,646,505.0,75,49.0,0,0,685,761,996,1.0
726,135,16.0,1,4.0,0,0,246,260,358,1.0
261,365,549.0,360,12.0,45,0,640,708,924,1.0
652,79,1456.0,47,122.0,363,0,848,695,953,1.0
529,419,506.0,22,48.0,416,0,591,868,381,1.0
89,4,1.0,379,0.0,200,0,577,345,27,1.0
1023,215,428.0,388,13.0,472,0,211,9,662,1.0
354,533,5831.0,503,354.0,120,0,630,518,544,1.0
266,485,8939.0,523,516.0,505,0,757,236,316,1.0
855,693,467.0,677,0.0,242,0,749,452,608,1.0
959,422,94.0,1,25.0,0,0,353,961,817,1.0
1013,542,6664.0,1,196.0,0,0,775,211,1015,1.0
160,414,284.0,552,30.0,0,0,769,740,636,1.0
45,54,243.0,379,4.0,0,0,832,327,72,1.0
251,571,79.0,617,3.0,209,0,922,458,365,1.0
680,606,576.0,323,60.0,534,0,350,224,961,1.0
626,98,21.0,0,7.0,0,0,120,605,214,1.0
697,456,1419.0,1,61.0,416,0,480,36,962,1.0
485,380,835.0,233,22.0,520,0,221,196,812,1.0
583,438,240.0,417,22.0,488,0,283,96,137,1.0
709,118,379.0,47,38.0,0,0,325,741,347,1.0
388,209,5631.0,520,188.0,406,0,804,461,616,1.0
986,395,66.0,1,7.0,363,0,837,470,859,1.0
15,34,14917.0,231,27.0,570,0,706,304,22,1.0
0,4,6.0,20,0.0,0,0,284,321,2,1.0
758,323,1784.0,404,89.0,416,0,564,530,399,1.0
259,395,79.0,0,3.0,416,0,578,78,378,1.0
718,437,600.0,621,40.0,483,0,236,431,742,1.0
604,555,945.0,194,3.0,265,0,142,566,341,1.0
941,649,67.0,0,17.0,0,0,915,972,1001,1.0
400,390,34284.0,153,889.0,0,0,264,159,641,1.0
569,428,273.0,359,42.0,0,0,8,801,818,1.0
138,566,4856.0,215,85.0,0,0,83,75,652,1.0
690,497,137.0,0,24.0,0,0,908,791,313,1.0
409,195,2108.0,312,60.0,534,0,668,505,929,1.0
814,487,2108.0,1,76.0,176,0,737,967,1021,1.0
972,104,166.0,255,18.0,0,0,534,33,1007,1.0
73,4,7154703.0,244,4240.0,478,1,771,397,91,1.0
240,579,1655947.0,0,5482.0,51,0,661,80,344,1.0
727,79,20.0,0,10.0,0,0,690,958,968,1.0
69,65,918.0,0,13.0,176,0,936,381,87,1.0
749,640,90.0,1,20.0,363,0,817,640,403,1.0
717,509,292.0,1,26.0,0,0,276,752,855,1.0
896,632,4198.0,312,313.0,103,0,182,503,687,1.0
532,528,60.0,0,19.0,0,0,162,896,872,1.0
227,268,263.0,75,16.0,0,0,623,242,322,1.0
568,300,8.0,0,4.0,0,0,702,457,276,1.0
755,657,5528.0,43,197.0,504,0,693,678,974,1.0
202,222,1640.0,264,20.0,81,0,266,610,295,1.0
41,47,647.0,0,7.0,278,0,868,375,57,1.0
489,457,1870.0,379,102.0,278,0,198,780,800,1.0
565,256,3523.0,284,142.0,295,0,249,945,923,1.0
349,137,570.0,0,40.0,1,0,683,717,537,1.0
978,585,993.0,457,20.0,534,0,33,162,933,1.0
879,330,99.0,499,1.0,1,0,633,51,418,1.0
570,240,492.0,95,27.0,1,0,29,955,931,1.0
497,267,43536.0,1,131.0,1,0,21,550,863,1.0
1031,357,712.0,537,38.0,87,0,565,217,545,1.0
52,4,90.0,222,0.0,0,0,443,378,69,1.0
897,563,153.0,189,9.0,278,0,570,476,188,1.0
421,302,978.0,207,3.0,278,0,60,50,667,1.0
47,19,41056.0,320,39.0,5,0,787,344,99,1.0
706,654,2097.0,379,62.0,0,0,657,973,964,1.0
67,4,2399.0,454,147.0,292,0,734,393,85,1.0
118,305,42.0,0,3.0,1,0,956,299,120,1.0
159,136,493.0,572,28.0,0,0,441,496,193,1.0
558,110,557.0,312,6.0,18,0,611,108,913,1.0
284,534,1651.0,1,52.0,0,0,185,531,640,1.0
9,17,957.0,297,39.0,298,0,612,365,14,1.0
747,257,7503.0,0,122.0,1,0,35,290,408,1.0
1017,647,10407.0,39,256.0,0,0,394,970,972,1.0
279,645,1174.0,176,58.0,209,0,62,777,398,1.0
741,469,6805.0,643,25.0,0,0,490,532,809,1.0
1032,59,10684.0,125,31.0,370,1,927,319,1028,1.0
114,533,299.0,1,21.0,0,0,562,960,412,1.0
389,451,180.0,379,7.0,176,0,701,718,617,1.0
880,376,632.0,0,42.0,0,0,430,954,653,1.0
732,662,75.0,379,12.0,45,0,228,450,970,1.0
108,4,8.0,660,0.0,0,0,239,331,112,1.0
940,648,99.0,0,17.0,0,0,204,971,1000,1.0
55,45,752.0,0,4.0,547,0,299,324,73,1.0
192,643,1902.0,668,98.0,416,0,298,675,262,1.0
628,395,413.0,109,37.0,0,0,316,279,215,1.0
347,189,163.0,198,11.0,45,0,673,15,419,1.0
1026,381,372.0,33,1.0,1,0,633,203,926,1.0
877,402,12853.0,75,453.0,0,0,664,553,626,1.0
414,529,16.0,312,5.0,1,0,74,444,657,1.0
839,401,592885.0,89,13723.0,340,1,686,151,588,1.0
186,187,392.0,0,17.0,0,0,115,26,240,1.0
344,467,5476.0,371,96.0,363,0,757,557,529,1.0
24,24,1226.0,270,24.0,230,0,814,386,31,1.0
401,533,1211.0,1,35.0,0,0,187,803,627,1.0
404,331,601.0,0,53.0,0,0,360,34,637,1.0
448,593,14491.0,83,1229.0,272,0,379,74,745,1.0
437,168,174.0,520,13.0,0,0,212,18,701,1.0
971,566,66.0,162,1.0,0,0,452,53,836,1.0
341,207,326.0,671,0.0,0,0,109,140,382,1.0
453,395,15.0,83,0.0,0,0,451,179,729,1.0
970,240,369.0,1,16.0,0,0,476,244,835,1.0
221,620,45.0,0,13.0,0,0,883,625,1017,1.0
253,617,598.0,1,42.0,0,0,960,504,368,1.0
779,364,88195.0,627,1736.0,561,1,270,234,462,1.0
285,680,211.0,1,31.0,0,0,647,944,1025,1.0
425,541,113.0,0,32.0,0,0,386,751,676,1.0
713,499,1254.0,189,2852.0,278,0,503,826,638,1.0
90,71,1421.0,213,25.0,132,0,210,389,49,1.0
268,248,1701.0,1,145.0,1,0,469,903,391,1.0
993,79,292.0,0,30.0,0,0,579,733,1009,1.0
600,618,148.0,1,18.0,0,0,232,719,175,1.0
611,97,81.0,1,10.0,0,0,370,491,944,1.0
283,82,116.0,1,9.0,0,0,641,614,407,1.0
124,117,371.0,1,32.0,176,0,561,805,151,1.0
642,279,156.0,189,12.0,363,0,842,907,359,1.0
822,80,2482.0,1,94.0,363,0,735,742,547,1.0
44,4,7.0,323,0.0,162,0,828,320,47,1.0
278,493,1264.0,73,115.0,0,0,359,498,397,1.0
99,4,684.0,559,5.0,464,0,957,379,101,1.0
979,538,3745.0,0,171.0,0,0,463,898,854,1.0
217,392,35906.0,352,130.0,549,0,455,207,294,1.0
1011,228,627.0,2,26.0,464,0,196,728,908,1.0
417,103,864.0,458,62.0,0,0,339,674,660,1.0
739,673,3246.0,290,79.0,481,0,835,220,389,1.0
806,95,33.0,1,6.0,176,0,15,977,527,1.0
1018,597,514.0,0,50.0,0,0,858,894,1019,1.0
237,187,495.0,1,33.0,0,0,655,27,338,1.0
102,14,275.0,257,6.0,7,0,864,388,111,1.0
76,66,43869.0,439,69.0,53,0,77,372,61,1.0
964,148,4.0,294,0.0,0,0,284,54,122,1.0
566,545,1645.0,175,14.0,464,0,675,79,928,1.0
364,146,332.0,248,16.0,176,0,540,549,564,1.0
129,317,347.0,107,2.0,136,0,7,183,580,1.0
247,139,98.0,417,28.0,346,0,324,463,212,1.0
648,407,49.0,189,17.0,499,0,481,682,708,1.0
4,5,10832.0,274,42.0,223,0,521,398,0,1.0
478,411,133554.0,674,1455.0,99,0,585,215,776,1.0
851,351,970.0,1,73.0,0,0,287,516,611,1.0
65,63,6212.0,544,136.0,304,0,291,399,81,1.0
861,484,6645.0,1,191.0,135,0,897,534,635,1.0
338,262,2271.0,312,110.0,0,0,175,515,519,1.0
837,305,261.0,0,10.0,464,0,509,22,989,1.0
270,113,5280.0,520,164.0,564,0,223,147,395,1.0
650,126,78.0,0,11.0,186,0,829,291,952,1.0
691,240,38529.0,520,940.0,0,0,36,533,314,1.0
560,533,62.0,1,9.0,1,0,226,953,922,1.0
311,184,703.0,328,1.0,0,0,418,226,473,1.0
848,243,51.0,165,0.0,532,0,789,564,363,1.0
3,4,567.0,0,2.0,0,0,207,363,6,1.0
559,158,912.0,189,17.0,162,0,522,813,914,1.0
832,115,29.0,473,5.0,363,0,752,603,578,1.0
585,605,35.0,0,8.0,0,0,290,747,936,1.0
53,4,828.0,75,18.0,464,0,277,374,66,1.0
999,285,15.0,126,2.0,0,0,698,473,805,1.0
667,161,447.0,1,50.0,0,0,313,842,207,1.0
168,543,13049.0,0,115.0,0,0,403,282,201,1.0
441,187,1396.0,189,57.0,0,0,688,20,710,1.0
444,472,169.0,160,3.0,278,0,577,552,720,1.0
236,530,316.0,184,28.0,245,0,600,925,337,1.0
272,554,52957.0,575,1709.0,269,0,552,278,920,1.0
863,599,620.0,189,49.0,0,0,583,948,639,1.0
502,81,693.0,0,37.0,1,0,108,915,829,1.0
684,101,436.0,1,53.0,0,0,390,941,310,1.0
550,131,491.0,456,1.0,160,0,69,235,685,1.0
123,536,90.0,312,11.0,176,0,806,612,177,1.0
26,27,41381.0,397,181.0,0,0,191,302,33,1.0
328,275,5558.0,526,16.0,31,0,256,176,496,1.0
1030,681,500.0,584,10.0,150,0,332,94,707,1.0
394,100,27004.0,205,830.0,115,0,574,759,622,1.0
721,119,735.0,1,19.0,0,0,631,974,967,1.0
564,218,43721.0,136,681.0,0,0,941,287,430,1.0
387,83,7203.0,1,354.0,278,0,482,744,614,1.0
745,431,87216.0,116,402.0,525,1,846,231,375,1.0
1029,79,136.0,189,14.0,0,0,741,963,1022,1.0
116,435,25.0,673,4.0,0,0,416,460,118,1.0
243,236,7230.0,671,1019.0,127,0,863,535,351,1.0
578,669,40.0,0,18.0,0,0,679,673,934,1.0
849,227,8372.0,379,23.0,0,0,368,85,610,1.0
162,423,2101.0,146,241.0,122,0,312,175,198,1.0
1006,659,12090.0,68,213.0,0,0,669,509,1013,1.0
98,4,26040.0,585,235.0,0,0,912,342,105,1.0
248,278,62.0,379,26.0,162,0,341,978,357,1.0
990,84,1802.0,1,124.0,416,0,676,190,1012,1.0
6,48,1811.0,111,262.0,177,0,450,392,9,1.0
97,51,1157.0,0,11.0,176,0,716,376,60,1.0
50,20,1727.0,426,47.0,165,0,435,329,63,1.0
527,585,50196.0,448,5850.0,26,0,884,172,862,1.0
841,294,33.0,1,10.0,0,0,580,656,1014,1.0
60,76,29879.0,19,88.0,118,0,680,326,75,1.0
16,11,1323.0,119,18.0,158,0,929,395,24,1.0
71,13,1120.0,42,5.0,100,0,176,400,90,1.0
682,233,7812.0,458,263.0,0,0,618,107,284,1.0
150,535,320.0,379,33.0,58,0,732,590,176,1.0
48,73,27264.0,345,383.0,416,0,682,408,102,1.0
983,601,4547.0,189,138.0,75,0,767,502,1010,1.0
30,33,170.0,312,2.0,0,0,336,371,37,1.0
707,636,23.0,0,14.0,0,0,397,947,1004,1.0
125,252,372.0,208,14.0,1,0,76,49,428,1.0
630,160,98.0,189,19.0,0,0,533,968,947,1.0
881,488,155.0,0,29.0,0,0,937,920,308,1.0
250,640,656.0,655,25.0,332,0,495,641,362,1.0
1004,417,378.0,379,31.0,1,0,45,297,890,1.0
289,387,362770.0,350,1895.0,564,1,459,126,414,1.0
847,666,236.0,0,37.0,0,0,429,736,984,1.0
54,4,388.0,75,9.0,176,0,302,377,67,1.0
818,297,1242.0,428,26.0,0,0,913,52,699,1.0
522,349,56.0,1,17.0,0,0,84,825,851,1.0
326,566,3508.0,382,3.0,0,0,851,104,297,1.0
834,459,528.0,1,33.0,1,0,163,823,583,1.0
234,291,247.0,47,24.0,0,0,124,715,334,1.0
976,395,2352.0,460,79.0,357,0,484,117,846,1.0
912,188,300.0,1,17.0,0,0,589,35,735,1.0
199,472,7.0,138,0.0,176,0,164,223,271,1.0
622,390,449.0,0,9.0,0,0,977,47,945,1.0
172,597,799.0,1,58.0,0,0,56,19,702,1.0
434,179,576.0,375,10.0,186,0,694,507,694,1.0
612,400,79.0,182,0.0,209,0,507,192,894,1.0
411,274,211.0,330,1.0,218,0,401,189,959,1.0
62,64,2832.0,189,12.0,313,0,513,333,83,1.0
235,264,172.0,565,21.0,416,0,27,681,336,1.0
694,79,150.0,0,18.0,464,0,487,737,320,1.0
862,661,18.0,1,4.0,0,0,398,296,991,1.0
64,4,1353.0,600,4.0,1,0,306,341,78,1.0
194,454,22.0,0,10.0,0,0,80,946,965,1.0
8,16,407.0,189,0.0,1,0,486,406,13,1.0
14,7,13091.0,18,2490.0,4,0,709,401,21,1.0
573,655,2896.0,189,225.0,103,0,57,111,705,1.0
939,630,1374.0,206,13.0,176,0,60,934,861,1.0
10,4,109901.0,638,650.0,329,0,627,362,16,1.0
649,197,6.0,312,7.0,0,0,389,454,700,1.0
315,658,1461.0,183,134.0,1,0,346,148,870,1.0
526,208,132.0,426,24.0,518,0,856,106,868,1.0
840,361,883.0,1,42.0,0,0,393,21,589,1.0
264,258,530.0,189,18.0,176,0,444,241,373,1.0
321,603,10.0,189,4.0,0,0,751,755,486,1.0
703,602,260.0,0,34.0,0,0,387,166,333,1.0
25,30,140.0,0,2.0,0,0,193,368,32,1.0
29,33,662.0,312,6.0,465,0,445,370,36,1.0
20,23,1148.0,572,12.0,464,0,371,367,107,1.0
83,4,2.0,633,0.0,499,0,43,354,44,1.0
602,570,19.0,234,4.0,176,0,420,506,180,1.0
280,202,10057.0,595,108.0,163,0,159,163,400,1.0
299,92,222659.0,346,3261.0,90,1,42,943,445,0.0
563,692,316.0,177,9.0,204,0,855,269,307,0.0
955,463,429604.0,522,4999.0,279,1,671,510,782,0.0
432,485,1793645.0,400,15982.0,494,1,177,699,688,0.0
350,482,1159.0,259,152.0,121,0,652,149,538,0.0
473,395,383.0,332,20.0,98,0,564,38,773,0.0
446,559,132562.0,631,3292.0,367,1,672,1003,722,0.0
117,376,9021504.0,128,34282.0,18,1,114,608,119,0.0
746,369,829658.0,497,2714.0,411,0,192,134,691,0.0
12,4,1132.0,616,7.0,295,0,803,414,77,0.0
800,553,658530.0,358,2166.0,36,1,118,622,423,0.0
141,333,3039240.0,155,35817.0,373,1,553,599,153,0.0
460,392,747.0,543,33.0,335,0,571,527,741,0.0
669,141,829.0,536,36.0,522,0,949,93,114,0.0
668,173,6298.0,369,82.0,545,0,643,587,288,0.0
327,452,243582.0,449,3900.0,225,1,220,257,495,0.0
304,352,958913.0,356,4424.0,402,1,616,46,457,0.0
427,88,13305.0,38,392.0,54,0,525,95,679,0.0
445,163,867.0,120,39.0,552,0,24,142,721,0.0
121,379,26434.0,492,304.0,344,0,844,1006,124,0.0
535,326,417924.0,141,2135.0,598,1,568,1008,880,0.0
506,416,8381372.0,196,47130.0,186,1,824,270,827,0.0
205,519,2006589.0,187,6702.0,383,1,498,841,278,0.0
200,123,2287.0,402,13.0,110,0,671,191,888,0.0
28,8,63996.0,447,167.0,275,1,827,322,35,0.0
853,386,1356.0,329,3.0,55,0,573,433,612,0.0
495,337,649.0,313,68.0,0,1,301,901,808,0.0
820,171,146565.0,475,2800.0,388,0,6,555,554,0.0
920,526,28875.0,0,855.0,0,1,610,778,748,0.0
1008,166,1541514.0,559,3956.0,488,1,150,800,906,0.0
451,426,62647.0,291,1197.0,385,1,73,731,726,0.0
249,185,1300380.0,249,7089.0,377,1,905,1004,360,0.0
768,395,314.0,624,9.0,526,0,26,537,437,0.0
197,321,216039.0,556,887.0,589,1,257,632,269,0.0
313,454,2844.0,60,110.0,496,1,405,484,478,0.0
901,442,3702525.0,648,20465.0,70,1,770,648,704,0.0
792,619,214083.0,210,3421.0,336,1,462,863,492,0.0
930,395,772.0,683,41.0,8,0,331,23,769,0.0
167,127,5024.0,61,395.0,390,0,470,872,205,0.0
178,482,1322.0,315,49.0,234,0,442,157,225,0.0
96,26,15571.0,645,131.0,137,0,308,383,39,0.0
1021,444,28933243.0,618,27857.0,384,1,604,251,921,0.0
944,180,122108.0,508,923.0,203,1,378,939,117,0.0
708,319,262.0,585,2.0,279,0,345,548,345,0.0
599,339,17880103.0,602,75193.0,283,1,947,613,943,0.0
397,395,8896.0,393,347.0,533,0,976,255,625,0.0
206,372,952135.0,639,3161.0,220,1,893,891,661,0.0
378,392,1811013.0,391,11324.0,152,1,945,988,599,0.0
714,425,8503.0,225,322.0,548,1,309,660,352,0.0
330,443,32129515.0,489,23014.0,427,1,483,424,501,0.0
314,192,54.0,651,0.0,1,0,68,300,476,0.0
639,588,9132.0,168,1063.0,462,1,796,14,228,0.0
130,326,27859346.0,124,32946.0,0,1,432,284,132,0.0
136,470,5541.0,649,275.0,360,0,922,487,148,0.0
647,333,299938.0,122,2580.0,355,1,116,985,238,0.0
70,62,1161.0,80,16.0,286,0,816,409,103,0.0
521,370,22.0,682,0.0,103,0,901,81,504,0.0
945,673,29270.0,246,417.0,112,1,362,713,795,0.0
431,298,16547.0,85,672.0,509,1,92,937,856,0.0
798,339,2801091.0,632,21634.0,487,1,161,992,521,0.0
552,585,562918.0,548,9014.0,290,1,788,659,915,0.0
698,367,1749014.0,260,20641.0,0,1,650,495,325,0.0
520,129,138849.0,214,1511.0,464,1,971,764,849,0.0
308,312,4218370.0,491,15813.0,486,1,621,598,467,0.0
678,506,35476.0,112,880.0,78,0,663,451,348,0.0
989,234,2142490.0,419,7431.0,251,1,208,651,1011,0.0
582,400,5960.0,17,38.0,226,1,943,539,935,0.0
383,333,7518766.0,87,22620.0,363,1,831,897,607,0.0
422,206,13011.0,281,1019.0,512,1,184,853,670,0.0
857,337,237490.0,326,1321.0,115,1,323,922,882,0.0
223,219,96217.0,485,956.0,339,1,529,794,309,0.0
824,690,1173947.0,390,4627.0,519,1,377,776,985,0.0
809,170,370920.0,283,9190.0,279,1,67,2,534,0.0
492,360,7222.0,610,116.0,363,0,188,727,802,0.0
213,105,878131.0,464,3401.0,275,1,881,797,291,0.0
772,263,20261.0,181,469.0,529,1,830,167,444,0.0
486,385,4961351.0,590,13162.0,42,1,536,1000,793,0.0
551,221,4347.0,394,16.0,211,0,52,184,907,0.0
875,395,4.0,343,0.0,0,0,577,128,199,0.0
342,282,2459472.0,151,6202.0,542,1,105,995,524,0.0
472,622,3334308.0,366,14708.0,389,1,919,806,770,0.0
894,430,259280.0,294,4366.0,177,1,950,722,993,0.0
468,521,13453399.0,558,48833.0,458,1,906,854,759,0.0
885,573,542057.0,692,3527.0,179,1,925,881,666,0.0
493,172,1267.0,83,13.0,597,0,840,520,804,0.0
276,219,814594.0,104,5386.0,498,1,891,445,460,0.0
548,337,27458.0,282,165.0,213,0,927,416,903,0.0
214,595,2747.0,452,123.0,379,0,376,559,253,0.0
815,132,1026238.0,227,7199.0,97,1,267,839,515,0.0
991,370,3654259.0,82,1129.0,330,1,516,468,841,0.0
689,347,159613.0,568,2975.0,201,1,759,443,330,0.0
659,472,823.0,489,36.0,407,0,279,578,951,0.0
951,561,204.0,276,61.0,474,0,409,422,654,0.0
480,677,3517571.0,636,24528.0,156,1,347,956,758,0.0
81,78,1073.0,183,5.0,555,0,898,387,108,0.0
79,3,242.0,474,3.0,261,0,278,309,23,0.0
653,395,1513771.0,278,11368.0,129,1,920,982,954,0.0
893,633,5156022.0,378,15982.0,468,1,229,814,994,0.0
101,12,1571.0,163,49.0,467,0,588,315,18,0.0
958,619,815583.0,158,4533.0,408,1,356,788,815,0.0
590,392,25255491.0,557,51938.0,147,1,833,1005,147,0.0
224,563,50765.0,97,1092.0,171,1,869,923,326,0.0
836,343,45385.0,125,877.0,66,1,49,753,988,0.0
477,327,4217692.0,71,6511.0,353,1,472,448,682,0.0
238,585,1877332.0,219,13448.0,0,1,939,984,340,0.0
874,392,34363304.0,659,187570.0,91,1,411,281,860,0.0
596,390,9192152.0,245,54812.0,18,1,242,706,162,0.0
298,337,30615.0,562,1896.0,49,0,819,118,443,0.0
915,185,4077.0,220,200.0,164,0,344,486,739,0.0
977,295,1517993.0,365,12313.0,84,1,489,619,848,0.0
609,0,397.0,251,36.0,141,0,743,89,191,0.0
786,333,2039596.0,337,8897.0,379,1,505,767,485,0.0
777,333,9216131.0,467,23565.0,473,1,605,259,451,0.0
106,4,112379.0,211,73.0,246,0,794,349,12,0.0
791,479,2744.0,665,69.0,196,0,962,529,481,0.0
516,116,6296.0,432,1.0,45,0,238,218,932,0.0
418,239,502303.0,91,4875.0,311,1,834,999,663,0.0
531,190,176.0,680,3.0,128,0,58,300,1008,0.0
128,390,5935044.0,256,46336.0,144,1,519,732,131,0.0
554,608,232.0,372,1.0,345,0,348,538,910,0.0
40,9,318621.0,525,6491.0,13,1,258,394,56,0.0
362,651,2073481.0,308,9806.0,276,1,845,671,987,0.0
643,244,107622.0,600,1144.0,56,1,567,887,260,0.0
638,140,1870168.0,541,8785.0,281,1,619,855,949,0.0
357,683,947045.0,280,2618.0,556,1,666,227,552,0.0
274,674,200622.0,513,0.0,450,1,106,672,174,0.0
868,670,354.0,205,37.0,0,1,328,655,992,0.0
115,625,1909411.0,147,11139.0,17,1,422,902,548,0.0
430,635,29270575.0,399,65474.0,323,1,782,932,658,0.0
748,539,6578005.0,567,36256.0,552,1,951,724,401,0.0
794,376,876.0,416,38.0,490,0,964,8,499,0.0
398,395,2254.0,190,45.0,454,0,515,280,623,0.0
84,56,758.0,549,5.0,507,0,458,353,28,0.0
487,112,314361.0,166,2624.0,352,1,28,637,797,0.0
540,526,126786.0,0,66.0,14,0,873,541,892,0.0
924,304,1871284.0,655,2572.0,176,1,598,714,834,0.0
870,420,605365.0,521,5588.0,352,1,538,865,649,0.0
23,44,6378.0,412,133.0,391,0,850,403,30,0.0
765,547,3784246.0,114,10243.0,232,1,158,808,426,0.0
530,241,4763532.0,590,8997.0,115,1,289,799,842,0.0
618,133,34960.0,481,1590.0,558,1,563,754,203,0.0
949,435,578.0,324,79.0,455,0,551,574,799,0.0
781,271,384433.0,398,1872.0,72,1,975,680,466,0.0
195,333,22703994.0,1,88796.0,0,1,436,423,267,0.0
92,4,228.0,545,5.0,96,0,10,338,86,0.0
412,251,46.0,47,12.0,594,0,776,60,650,0.0
494,315,16260659.0,287,44143.0,193,1,560,952,807,0.0
1028,390,4799319.0,669,34624.0,12,1,20,840,927,0.0
759,246,25887.0,269,411.0,140,0,152,670,405,0.0
475,109,1427838.0,93,21577.0,0,1,653,757,775,0.0
615,383,796718.0,300,13670.0,249,1,217,262,879,0.0
193,395,3673.0,110,216.0,433,0,61,42,265,0.0
556,333,1803087.0,463,10029.0,278,1,740,649,1016,0.0
294,94,283215.0,635,13208.0,440,1,886,683,977,0.0
555,333,198739.0,688,2697.0,342,1,572,771,866,0.0
891,510,23477.0,189,653.0,46,0,765,197,677,0.0
231,563,67.0,455,0.0,0,0,451,300,329,0.0
923,628,186.0,639,10.0,98,0,465,91,997,0.0
148,186,131328.0,107,2384.0,509,1,292,477,170,0.0
1022,395,1867.0,303,202.0,76,0,802,178,918,0.0
51,4,1039625.0,157,3687.0,269,1,888,343,65,0.0
835,392,1876.0,625,113.0,461,1,273,29,584,0.0
889,175,330.0,318,6.0,176,0,293,478,674,0.0
882,576,56633.0,403,1150.0,71,1,110,638,655,0.0
82,31,1391.0,438,108.0,109,0,860,357,106,0.0
929,142,4060.0,673,24.0,353,0,401,124,772,0.0
801,378,560.0,368,29.0,566,0,53,266,511,0.0
937,232,780560.0,441,9400.0,350,1,320,874,680,0.0
807,668,5340224.0,530,11429.0,143,1,25,420,530,0.0
88,4,1047.0,311,28.0,581,0,467,340,45,0.0
379,328,22641.0,527,715.0,364,1,171,848,602,0.0
961,337,12464997.0,466,57800.0,94,1,317,782,822,0.0
754,290,391.0,100,12.0,208,0,96,66,601,0.0
778,480,9942270.0,429,34321.0,79,1,854,871,415,0.0
267,395,13616221.0,601,37316.0,40,1,969,426,387,0.0
833,531,158352.0,468,3533.0,58,0,786,174,576,0.0
933,512,42483.0,277,1235.0,228,0,449,152,757,0.0
633,395,4309.0,237,296.0,240,0,744,31,218,0.0
491,583,127.0,620,15.0,403,0,477,98,980,0.0
846,337,22888.0,355,541.0,64,1,556,432,250,0.0
963,418,27013.0,697,641.0,11,0,128,16,826,0.0
663,527,2282.0,288,65.0,413,0,656,849,273,0.0
671,400,2060.0,553,80.0,341,0,773,44,298,0.0
180,127,1108807.0,139,7220.0,267,1,413,860,230,0.0
77,58,392.0,542,22.0,19,0,625,405,11,0.0
365,354,198799.0,24,3013.0,201,1,885,812,242,0.0
946,492,352.0,58,26.0,287,0,755,4,717,0.0
804,537,348.0,619,18.0,277,0,479,67,523,0.0
225,395,350009.0,93,3673.0,219,1,456,546,315,0.0
131,508,120310.0,117,366.0,313,1,447,766,138,0.0
575,369,20146302.0,655,20339.0,103,1,644,273,127,0.0
201,345,50549694.0,673,86635.0,0,1,430,247,272,0.0
154,185,89841.0,189,3150.0,279,1,722,492,169,0.0
998,410,1983513.0,140,28504.0,248,1,590,790,878,0.0
260,376,256832.0,551,3930.0,393,1,417,694,379,0.0
471,551,99.0,223,1.0,120,0,777,514,766,0.0
603,395,771.0,410,33.0,28,0,805,201,181,0.0
119,301,6791.0,469,54.0,0,0,419,131,482,0.0
878,129,1591765.0,171,2118.0,130,1,541,879,651,0.0
43,42,1830.0,192,57.0,173,0,708,313,59,0.0
59,15,2740.0,191,59.0,250,0,944,307,79,0.0
909,174,2632.0,586,106.0,111,1,689,43,724,0.0
856,591,3954261.0,658,12927.0,156,1,201,591,342,0.0
35,38,613.0,145,10.0,48,0,843,385,51,0.0
111,2,5336.0,78,36.0,541,1,335,335,98,0.0
291,85,139867.0,10,2042.0,491,1,40,667,976,0.0
399,395,36.0,415,1.0,45,0,542,100,752,0.0
892,395,11473.0,137,891.0,62,1,697,10,586,0.0
545,150,1193.0,230,43.0,93,0,448,212,303,0.0
917,337,1191689.0,8,4258.0,334,1,391,924,743,0.0
212,281,1761958.0,79,3109.0,348,1,410,597,287,0.0
719,455,289.0,56,32.0,235,0,421,572,574,0.0
296,359,104765.0,576,6189.0,299,1,134,726,436,0.0
943,627,14732.0,451,225.0,38,1,711,769,1002,0.0
49,74,16845.0,2,113.0,0,0,617,306,64,0.0
938,498,7941334.0,339,22762.0,512,1,132,208,791,0.0
438,577,1818.0,363,5.0,85,0,967,441,703,0.0
335,154,293227.0,592,1345.0,540,0,14,647,510,0.0
2,35,119.0,136,5.0,200,0,63,413,5,0.0
761,125,18747.0,72,422.0,194,0,820,119,413,0.0
968,276,987.0,252,90.0,185,0,138,585,596,0.0
126,350,26243562.0,656,60822.0,147,1,407,786,634,0.0
104,55,11600.0,64,253.0,446,1,756,318,10,0.0
813,367,2016.0,556,56.0,547,0,357,489,446,0.0
903,392,177335.0,130,4538.0,398,1,103,785,715,0.0
764,333,3119501.0,12,11444.0,365,1,37,793,421,0.0
490,496,318163.0,599,1961.0,53,1,338,935,115,0.0
184,400,49.0,40,0.0,384,0,836,221,233,0.0
275,676,437194.0,374,3229.0,206,1,269,272,431,0.0
191,362,16079.0,173,19.0,126,0,723,120,261,0.0
416,584,16036429.0,616,11251.0,0,1,468,181,693,0.0
501,585,3917025.0,380,19708.0,103,1,654,779,296,0.0
239,597,66368.0,540,838.0,312,1,280,893,339,0.0
331,581,158317.0,298,1088.0,564,1,135,136,508,0.0
905,611,2370.0,94,106.0,67,0,902,121,718,0.0
699,464,14347.0,486,458.0,145,0,839,482,327,0.0
771,650,1422.0,202,7.0,415,0,474,471,441,0.0
292,465,3500781.0,662,18455.0,466,1,404,957,416,0.0
246,409,681.0,186,43.0,65,0,914,200,763,0.0
996,377,3875.0,59,399.0,89,0,710,186,591,0.0
463,472,638899.0,307,5888.0,445,1,953,684,751,0.0
533,660,33451.0,76,836.0,51,1,287,696,873,0.0
329,516,48.0,75,0.0,0,0,1,540,500,0.0
740,330,7277.0,0,194.5,0,0,239,300,263,0.0
113,93,6.0,698,10.0,599,1,978,25,263,0.0
790,587,3877.0,370,212.0,510,0,608,567,491,0.0
664,334,195974.0,672,1781.0,168,1,823,819,274,0.0
348,466,1030609.0,396,5333.0,521,1,248,661,513,0.0
1027,217,12036.0,67,677.0,374,1,586,123,744,0.0
821,164,152.0,245,2.0,77,0,968,300,553,0.0
295,183,887384.0,340,5325.0,9,1,700,965,433,0.0
562,4,10943449.0,461,23938.0,158,1,719,310,96,0.0
616,198,1645.0,440,147.0,1,1,790,802,824,0.0
922,412,4119379.0,569,8561.0,269,1,729,990,754,0.0
134,578,443.0,603,0.0,176,0,349,300,937,0.0
337,395,89537.0,614,6038.0,15,1,728,30,518,0.0
323,471,118101.0,694,2280.0,293,1,369,501,490,0.0
904,185,144137.0,1,3753.0,1,1,549,817,716,0.0
553,687,1219685.0,529,7976.0,435,1,48,701,909,0.0
318,337,9905.0,111,356.0,218,0,745,653,483,0.0
95,43,53272.0,408,208.0,328,1,558,364,109,0.0
825,406,22212.0,229,0.0,278,1,615,888,558,0.0
346,337,17194019.0,103,36881.0,364,1,903,577,533,0.0
156,310,2198503.0,158,20259.0,2,1,288,628,186,0.0
377,585,7467659.0,75,19386.0,0,1,876,513,597,0.0
320,370,7867058.0,174,1987.0,48,1,813,209,480,0.0
842,580,33147.0,54,1216.0,327,1,38,204,593,0.0
161,331,30220786.0,312,126490.0,0,1,473,294,197,0.0
884,145,397.0,561,3.0,438,0,739,68,1026,0.0
763,515,73.0,41,1.0,45,0,434,154,420,0.0
258,226,7614166.0,534,10958.0,0,1,635,940,374,0.0
767,250,8217.0,305,368.0,523,1,144,629,434,0.0
808,307,1155105.0,550,2358.0,149,1,148,646,532,0.0
210,91,4797.0,170,443.0,83,0,525,283,266,0.0
385,395,1780.0,623,55.0,459,0,245,11,609,0.0
147,321,31364.0,684,1426.0,595,1,457,836,167,0.0
588,574,174.0,342,2.0,417,0,707,158,144,0.0
926,557,374.0,312,18.0,0,0,795,86,761,0.0
681,333,1451736.0,422,13978.0,34,1,165,692,502,0.0
799,597,416318.0,501,173.0,551,1,628,292,498,0.0
66,57,301788.0,426,2199.0,0,1,227,332,84,0.0
343,237,863.0,591,12.0,457,0,39,543,528,0.0
636,392,467278.0,479,12007.0,125,1,113,704,222,0.0
419,185,1617508.0,334,8249.0,531,1,233,899,664,0.0
488,671,2838072.0,267,7044.0,252,1,173,878,1003,0.0
826,472,1696767.0,344,16478.0,133,1,127,858,986,0.0
887,166,314.0,283,4.0,181,0,613,300,672,0.0
504,147,5766.0,337,565.0,0,1,526,650,823,0.0
710,337,2944752.0,494,32524.0,302,1,453,115,349,0.0
144,213,259698.0,112,3311.0,534,1,392,760,161,0.0
797,395,346848.0,236,5430.0,224,1,194,703,506,0.0
1024,151,482.0,553,33.0,453,0,866,248,719,0.0
513,333,398626.0,35,2199.0,214,1,569,866,838,0.0
932,614,3221.0,640,273.0,247,0,230,556,777,0.0
843,544,2072685.0,540,19799.0,52,1,801,884,594,0.0
770,268,2676782.0,228,15949.0,480,1,602,729,440,0.0
500,505,493450.0,468,6483.0,427,1,169,1002,816,0.0
715,413,45736.0,1,1739.0,1,0,239,876,939,0.0
91,46,29606.0,295,343.0,106,0,857,358,50,0.0
245,286,28474.0,683,275.0,151,1,966,734,354,0.0
906,86,521.0,435,19.0,530,0,351,55,740,0.0
631,436,24.0,172,4.0,431,0,141,144,216,0.0
1016,173,73.0,272,2.0,384,0,349,153,900,0.0
734,557,240.0,189,13.0,0,0,534,84,380,0.0
700,483,39.0,154,2.0,499,0,491,141,963,0.0
610,134,1145.0,4,110.0,123,0,825,83,194,0.0
363,585,13393.0,693,735.0,375,1,799,991,390,0.0
140,562,968219.0,86,1856.0,61,1,475,818,152,0.0
163,204,381.0,183,33.0,263,0,464,180,196,0.0
867,138,378.0,201,9.0,306,0,622,71,647,0.0
219,299,2381045.0,607,7850.0,230,1,145,833,299,0.0
859,288,27878790.0,143,20383.0,0,1,153,72,629,0.0
457,449,5698734.0,100,23167.0,492,1,395,862,732,0.0
644,194,99465.0,678,2435.0,325,1,512,594,234,0.0
702,337,1985.0,180,138.0,24,1,940,41,331,0.0
423,478,1437839.0,338,10299.0,50,1,812,986,671,0.0
370,392,1175.0,186,38.0,314,0,792,525,573,0.0
769,171,64.0,656,2.0,297,0,330,523,438,0.0
812,552,687819.0,301,5197.0,401,1,205,711,536,0.0
925,682,14896759.0,607,22872.0,346,1,125,155,998,0.0
466,337,15770327.0,488,40094.0,475,1,90,783,755,0.0
127,273,1434.0,411,39.0,218,0,778,268,917,0.0
1010,133,5904.0,507,94.0,420,0,554,500,803,0.0
752,524,250.0,388,4.0,337,0,892,275,404,0.0
479,379,140359.0,46,805.0,470,1,670,705,778,0.0
94,77,4125.0,384,42.0,479,0,926,352,55,0.0
198,470,33419.0,57,1067.0,117,1,900,466,270,0.0
402,507,820444.0,465,3301.0,108,1,259,102,632,0.0
332,158,1549.0,588,25.0,212,0,107,467,982,0.0
913,216,1117918.0,596,15515.0,85,1,544,685,737,0.0
22,6,49.0,437,0.0,497,0,882,407,80,0.0
469,128,156924.0,66,1754.0,156,1,705,773,756,0.0
627,548,910.0,5,23.0,139,0,365,61,143,0.0
646,450,173393.0,651,2056.0,25,1,725,993,236,0.0
677,597,25076.0,431,909.0,3,1,71,886,282,0.0
182,204,2686362.0,314,11904.0,593,1,156,110,263,0.0
508,500,4358.0,634,123.0,300,1,460,850,560,0.0
100,31,775.0,676,1.0,292,0,603,355,17,0.0
190,333,116573.0,70,3005.0,449,1,496,611,256,0.0
844,212,318.0,174,9.0,309,0,717,57,592,0.0
187,142,4440.0,398,160.0,151,1,322,665,244,0.0
975,308,4255.0,273,132.0,450,1,750,490,844,0.0
895,272,533146.0,421,4398.0,20,1,958,627,686,0.0
1003,183,1676505.0,254,5623.0,35,1,179,630,885,0.0
773,259,3878570.0,547,7177.0,151,1,286,828,448,0.0
729,136,426.0,524,45.0,30,0,818,570,566,0.0
608,404,5273.0,306,82.0,343,0,811,542,189,0.0
392,288,3342242.0,615,945.0,324,1,715,440,762,0.0
85,60,9942665.0,429,3447.0,80,1,854,390,38,0.0
216,159,7519.0,572,282.0,572,0,54,139,293,0.0
872,322,35.0,13,0.0,564,0,213,265,668,0.0
619,474,65691.0,217,5574.0,274,1,620,827,204,0.0
297,642,202929.0,528,2001.0,303,1,396,664,442,0.0
742,320,33713.0,359,1934.0,416,1,875,822,392,0.0
11,4,1961954.0,395,4731.0,554,1,140,312,19,0.0
93,29,69.0,513,7.0,356,0,946,361,4,0.0
645,629,9446.0,9,129.0,92,1,55,568,235,0.0
547,424,17289.0,63,481.0,318,1,712,624,901,0.0
985,634,1344610.0,193,11357.0,579,1,75,607,990,0.0
164,580,8313.0,189,695.0,0,1,704,811,814,0.0
637,337,51314111.0,376,123643.0,216,1,688,936,224,0.0
845,374,45.0,106,3.0,499,0,530,137,595,0.0
676,470,1336587.0,471,23711.0,202,1,216,615,130,0.0
356,107,25253.0,115,970.0,116,1,531,690,551,0.0
810,439,162.0,319,4.0,280,0,609,59,535,0.0
756,679,4656143.0,62,12753.0,227,1,51,285,410,0.0
731,173,482.0,689,10.0,513,0,582,199,377,0.0
827,441,2022.0,566,128.0,485,0,696,581,559,0.0
21,28,4870150.0,389,14970.0,460,1,747,339,29,0.0
954,129,5167871.0,490,21599.0,161,1,70,642,811,0.0
510,468,1109011.0,219,6071.0,22,1,271,712,837,0.0
788,337,198296.0,498,2685.0,429,1,838,688,981,0.0
374,504,66500.0,253,1385.0,203,1,384,892,581,0.0
966,173,726.0,633,8.0,239,0,9,526,603,0.0
908,346,22527443.0,473,39873.0,186,1,733,238,723,0.0
426,177,1683151.0,598,5079.0,275,1,493,804,678,0.0
450,337,3159194.0,386,14976.0,58,1,746,931,725,0.0
316,433,2985240.0,677,10273.0,468,1,130,216,479,0.0
507,254,96486.0,505,530.0,187,1,506,870,830,0.0
203,584,35169.0,579,715.0,270,1,548,493,279,0.0
165,585,85681083.0,539,222411.0,2,1,172,998,200,0.0
290,403,124.0,129,1.0,18,0,714,64,424,0.0
1002,333,12790920.0,243,46994.0,0,1,871,475,884,0.0
317,388,645.0,547,15.0,463,0,528,130,497,0.0
340,470,13992.0,51,557.0,228,0,46,483,522,0.0
351,371,164514.0,506,5246.0,205,0,774,560,514,0.0
974,173,386.0,483,24.0,157,0,645,24,843,0.0
158,672,803334.0,664,4170.0,236,1,502,951,192,0.0
386,284,2605029.0,149,7284.0,1,1,555,816,526,0.0
640,164,179.0,561,0.0,0,0,149,300,229,0.0
592,99,14709.0,310,603.0,86,0,508,92,155,0.0
720,288,51782.0,514,80.0,6,1,609,276,356,0.0
233,337,19306.0,335,428.0,113,1,183,809,332,0.0
595,640,4520644.0,197,12661.0,63,1,939,103,160,0.0
549,548,45601.0,92,1303.0,47,1,388,439,905,0.0
515,158,217.0,49,15.0,307,0,932,187,840,0.0
252,253,956.0,383,91.0,268,0,342,213,366,0.0
819,665,365.0,156,1.0,218,0,126,77,983,0.0
712,394,1059.0,353,254.0,32,0,235,182,563,0.0
512,395,1806.0,37,46.0,134,0,400,173,621,0.0
282,392,6964.0,331,121.0,180,1,684,765,246,0.0
701,229,464418.0,364,6406.0,384,1,667,274,304,0.0
942,564,348713.0,684,3308.0,146,1,488,909,613,0.0
39,4,2028.0,532,49.0,580,0,942,311,54,0.0
428,427,189143.0,445,1378.0,182,1,471,875,355,0.0
614,336,5390.0,509,147.0,98,1,319,657,690,0.0
408,311,175233.0,612,953.0,370,1,240,601,646,0.0
435,253,6696.0,482,172.0,523,0,742,88,698,0.0
120,568,8740007.0,655,9992.0,27,1,532,253,121,0.0
576,472,38.0,406,0.0,45,0,186,488,128,0.0
218,584,475342.0,642,4104.0,577,1,247,1007,902,0.0
254,513,301.0,609,10.0,448,0,241,499,871,0.0
956,447,743.0,121,1.0,331,0,358,300,869,0.0
660,260,19282828.0,113,47922.0,537,1,793,735,264,0.0
155,288,10648215.0,158,5353.0,135,1,274,243,182,0.0
152,337,10599.0,292,123.0,253,1,779,17,179,0.0
287,169,40307926.0,152,53687.0,476,1,22,669,435,0.0
413,142,67748.0,221,683.0,126,1,655,869,801,0.0
829,549,709357.0,258,2495.0,95,1,810,604,569,0.0
967,644,458212.0,575,4944.0,396,1,865,710,831,0.0
456,540,23611.0,574,1331.0,68,1,970,837,731,0.0
766,331,1475745.0,241,8017.0,124,1,215,663,429,0.0
724,484,10100.0,323,567.0,562,0,294,447,361,0.0
352,334,96801.0,324,895.0,209,1,382,618,541,0.0
459,158,4126.0,433,372.0,172,0,894,455,471,0.0
133,353,368069.0,535,4277.0,511,1,129,859,142,0.0
670,582,141730.0,511,2386.0,218,1,102,436,290,0.0
780,431,1359462.0,685,7101.0,33,1,190,418,464,0.0
935,334,46472564.0,65,133825.0,70,1,595,626,787,0.0
980,231,24.0,147,0.0,0,0,464,105,865,0.0
783,356,1182355.0,283,9485.0,229,1,959,668,474,0.0
730,546,411.0,199,0.0,31,0,381,554,376,0.0
613,395,11003417.0,0,31469.0,381,1,870,748,195,0.0
462,201,15307.0,604,360.0,543,1,423,857,747,0.0
269,173,2786.0,266,1562.0,321,0,535,177,394,0.0
5,4,70.0,349,8.0,465,0,681,360,7,0.0
185,575,724989.0,597,6262.0,588,1,594,913,237,0.0
687,685,1353547.0,27,3914.0,178,1,366,829,783,0.0
735,324,2936656.0,606,22532.0,43,1,546,689,248,0.0
785,316,376564.0,398,734.0,436,1,225,738,475,0.0
514,130,375395.0,637,2743.0,10,1,104,720,839,0.0
580,200,215.0,132,27.0,380,0,367,249,134,0.0
866,337,19088.0,573,352.0,169,1,938,830,645,0.0
232,453,214.0,594,3.0,107,0,68,421,263,0.0
454,429,19309.0,48,1139.0,238,1,677,1001,371,0.0
793,664,1527.0,605,9.0,262,0,597,547,979,0.0
105,67,177.0,425,1.0,358,0,327,351,110,0.0
784,164,1044180.0,495,3582.0,416,1,355,877,477,0.0
482,367,49222.0,616,1772.0,162,0,665,494,785,0.0
675,201,47395.0,21,3332.0,508,1,372,271,960,0.0
947,482,27.0,641,3.0,530,0,784,99,798,0.0
263,484,7088.0,349,418.0,441,0,466,429,383,0.0
886,296,24.0,47,0.0,0,0,761,300,669,0.0
536,306,59480.0,264,469.0,207,1,72,677,886,0.0
461,613,116.0,214,0.0,364,0,364,300,736,0.0
561,114,821.0,69,164.0,228,0,758,206,864,0.0
598,369,1040765.0,496,2418.0,195,1,651,438,173,0.0
153,277,62.0,50,0.0,386,0,98,76,948,0.0
888,25,11695916.0,286,45082.0,191,1,478,0,673,0.0
817,684,251768.0,626,1460.0,544,1,972,762,543,0.0
358,164,37.0,643,0.0,0,0,566,300,468,0.0
1001,337,292043.0,430,3088.0,584,1,543,908,883,0.0
587,173,8932.0,7,193.0,305,1,275,536,141,0.0
478,411,133553.0,674,1455.0,99,0,585,214,776,0.0
760,366,1202.0,261,81.0,428,0,11,563,975,0.0
355,392,142786.0,242,2185.0,364,1,314,716,550,0.0
381,96,31942389.0,364,58780.0,538,1,899,254,605,0.0
517,472,8530951.0,652,108650.0,159,1,168,261,845,0.0
61,4,49468.0,426,79.0,376,0,4,337,76,0.0
537,415,59756.0,30,490.0,516,1,890,229,887,0.0
306,124,41748.0,564,1961.0,512,1,440,789,788,0.0
685,592,86.0,377,0.0,69,0,187,295,275,0.0
142,556,905.0,1,105.0,564,0,12,150,154,0.0
957,171,2811.0,51,152.0,317,0,81,545,790,0.0
207,373,320964.0,25,3413.0,359,1,768,852,280,0.0
405,400,465.0,657,3.0,41,0,791,70,164,0.0
143,220,858.0,518,1.0,399,0,64,58,157,0.0
229,395,52199.0,442,1219.0,231,1,244,861,323,0.0
34,61,13725.0,401,41.0,102,0,581,404,15,0.0
617,288,426854.0,653,390.0,362,1,662,127,202,0.0
572,193,68.0,80,0.0,564,0,243,300,579,0.0
18,37,269.0,0,6.0,0,0,180,314,48,0.0
505,582,784689.0,477,10472.0,0,1,599,631,825,0.0
305,337,20997.0,501,528.0,387,1,268,847,458,0.0
384,691,5293996.0,6,7694.0,209,1,692,185,768,0.0
762,333,64350.0,497,735.0,199,1,629,749,422,0.0
166,366,219.0,386,7.0,151,0,609,222,895,0.0
577,388,15.0,629,0.0,261,0,380,198,850,0.0
281,288,7886947.0,242,5192.0,395,1,197,143,833,0.0
265,392,26522.0,118,1223.0,260,1,56,6,764,0.0
973,173,12.0,95,1.0,278,0,412,138,648,0.0
19,4,61546.0,312,959.0,0,1,340,308,104,0.0
87,43,43.0,41,0.0,255,0,157,336,43,0.0
546,399,1075.0,422,36.0,585,0,252,87,897,0.0
1020,382,11980.0,654,261.0,177,0,285,288,459,0.0
591,333,4651330.0,468,32051.0,284,1,523,258,140,0.0
796,652,19779.0,322,29.0,423,0,841,194,503,0.0
736,211,8244.0,444,313.0,101,1,218,981,384,0.0
661,637,4932.0,679,1.0,320,0,363,569,565,0.0
319,153,1717.0,255,53.0,0,0,921,164,484,0.0
345,434,5183570.0,167,25196.0,45,1,281,772,531,0.0
876,398,1878.0,268,64.0,16,0,219,240,624,0.0
789,337,2039677.0,0,19842.0,176,1,934,890,489,0.0
969,158,2753.0,560,156.0,315,0,626,571,249,0.0
890,638,4459.0,661,31.0,592,0,904,485,696,0.0
380,129,237.0,357,3.0,58,0,910,511,604,0.0
984,395,212.0,663,12.0,493,0,399,112,463,0.0
107,4,238.0,145,103.0,0,0,329,356,93,0.0
988,337,31872.0,427,990.0,550,1,137,617,427,0.0
174,337,258608.0,580,1640.0,183,1,501,845,211,0.0
900,405,25.0,95,1.0,495,0,428,544,697,0.0
635,473,278002.0,299,21481.0,170,1,438,743,221,0.0
509,203,5852.0,260,211.0,104,1,763,832,857,0.0
711,174,84127.0,31,5022.0,257,1,895,5,255,0.0
838,482,1002080.0,203,7925.0,410,1,337,464,587,0.0
962,337,5262.0,302,401.0,0,0,961,643,615,0.0
406,333,50441.0,183,894.0,259,1,638,910,643,0.0
440,448,44697.0,391,814.0,237,1,639,820,709,0.0
852,122,2226900.0,232,24944.0,544,1,282,867,251,0.0
1015,390,3885.0,337,186.0,105,0,296,12,681,0.0
982,173,104.0,60,2.0,564,0,295,219,852,0.0
950,153,700.0,502,54.0,326,0,311,125,546,0.0
324,421,4426.0,265,136.0,444,0,699,576,493,0.0
474,565,1221007.0,105,5214.0,296,1,101,916,774,0.0
795,440,428.0,443,16.0,422,0,315,65,505,0.0
952,121,44.0,691,2.0,177,0,357,202,767,0.0
662,399,750.0,500,20.0,322,0,718,37,955,0.0
987,505,277538.0,245,3687.0,556,1,891,966,598,0.0
607,318,554.0,45,13.0,114,0,385,69,185,0.0
921,514,6719130.0,622,10504.0,304,1,111,169,749,0.0
403,329,14722.0,55,496.0,366,0,524,193,631,0.0
371,313,585497.0,391,4365.0,44,1,310,634,575,0.0
395,108,234.0,235,57.0,538,0,376,232,1006,0.0
869,624,171.0,476,1.0,378,0,780,62,711,0.0
262,165,25.0,226,3.0,0,0,424,300,385,0.0
420,242,6755.0,201,338.0,404,1,350,700,665,0.0
303,585,181791.0,271,1962.0,384,1,537,904,455,0.0
589,502,22667.0,644,969.0,425,0,785,39,145,0.0
188,384,46135.0,309,257.0,333,0,5,442,245,0.0
230,518,715.0,159,6.0,0,0,44,300,328,0.0
183,157,645.0,77,33.0,573,0,809,264,252,0.0
723,639,36.0,164,0.0,45,0,412,562,765,0.0
811,149,8741.0,340,102.0,586,0,297,584,1027,0.0
391,283,12548.0,200,166.0,210,1,254,588,232,0.0
534,111,18706.0,577,359.0,266,1,343,609,874,0.0
103,49,147.0,296,1.0,346,0,800,303,97,0.0
601,142,270.0,651,13.0,138,0,222,561,938,0.0
390,249,14448.0,571,479.0,437,1,798,831,618,0.0
960,462,44865.0,28,481.0,569,1,517,787,821,0.0
1019,688,3088771.0,15,4648.0,288,1,772,979,919,0.0
465,363,57784.0,578,2902.0,442,1,889,851,789,0.0
688,344,64.0,409,2.0,465,0,146,170,311,0.0
109,40,2588083.0,201,2504.0,370,1,265,316,94,0.0
581,152,6758.0,437,383.0,256,0,433,28,136,0.0
171,155,3965867.0,520,25506.0,0,1,326,662,210,0.0
830,390,344.0,125,42.0,530,0,954,161,570,0.0
359,330,999.0,681,47.0,361,0,13,575,555,0.0
181,129,1803900.0,427,16391.0,380,1,738,983,231,0.0
447,326,2135538.0,470,12020.0,464,1,822,693,289,0.0
579,432,12640.0,628,566.0,382,0,923,472,133,0.0
310,548,957244.0,361,6928.0,308,1,461,882,472,0.0
288,572,5524.0,509,260.0,1,0,566,434,456,0.0
557,458,823.0,418,4.0,514,0,237,300,912,0.0
728,120,3501.0,262,275.0,499,1,97,756,969,0.0
910,162,160.0,242,0.0,575,0,861,300,727,0.0
828,379,770356.0,351,4943.0,241,1,234,697,562,0.0
139,142,1633238.0,325,6682.0,489,1,724,300,150,0.0
211,225,1674200.0,276,13532.0,46,1,648,616,286,0.0
307,589,9303960.0,247,33005.0,363,1,687,210,461,0.0
382,600,1511321.0,317,16627.0,184,1,89,917,606,0.0
525,333,2468308.0,650,18069.0,29,1,911,824,1005,0.0
226,390,2133107.0,459,17074.0,176,1,119,595,318,0.0
325,379,3062495.0,670,7818.0,198,1,826,798,494,0.0
110,72,10.0,534,0.0,0,0,154,305,100,0.0
204,520,1182904.0,461,4594.0,81,1,550,666,277,0.0
499,370,25437224.0,36,30410.0,447,1,736,188,158,0.0
927,164,85.0,74,0.0,151,0,307,300,241,0.0
256,489,4050.0,250,13.0,222,0,846,168,370,0.0
518,330,86657.0,667,1101.0,568,1,91,101,847,0.0
656,673,55469.0,405,1730.0,271,1,760,580,916,0.0
542,395,8576144.0,32,37857.0,506,1,720,856,899,0.0
196,585,1469.0,465,134.0,416,1,406,821,268,0.0
443,396,4419.0,185,327.0,443,0,821,45,432,0.0
858,338,951201.0,362,3035.0,194,1,67,928,628,0.0
695,395,401.0,634,5.0,576,0,634,528,321,0.0
503,445,1533.0,338,111.0,421,0,121,3,820,0.0
605,635,2775633.0,93,24528.0,177,1,601,796,184,0.0
396,395,149.0,546,7.0,465,0,948,230,409,0.0
368,490,902052.0,204,15720.0,301,1,659,702,571,0.0
333,205,229.0,81,4.0,0,0,186,300,509,0.0
860,604,2530820.0,630,35966.0,192,1,23,709,633,0.0
743,214,264229.0,90,4420.0,175,1,253,635,973,0.0
135,481,78913.0,430,2765.0,22,1,87,980,146,0.0
271,333,183414.0,275,3129.0,174,1,167,895,539,0.0
567,390,251.0,487,1.0,426,0,342,56,930,0.0
854,191,363.0,341,3.0,469,0,505,300,695,0.0
312,266,5861.0,238,627.0,176,1,924,919,730,0.0
544,594,914.0,695,19.0,571,0,853,425,898,0.0
452,584,53028.0,2,405.0,0,1,380,228,728,0.0
496,597,5730.0,316,182.0,241,1,224,846,810,0.0
864,390,521127.0,179,8428.0,306,1,660,589,750,0.0
725,337,161853.0,133,4035.0,87,1,636,750,364,0.0
369,174,263.0,293,6.0,509,0,374,519,572,0.0
170,196,5083.0,391,598.0,0,1,702,781,219,0.0
538,550,10689.0,327,430.0,500,0,85,551,889,0.0
995,167,523.0,678,7.0,404,0,122,300,540,0.0
816,470,130170.0,687,8281.0,159,1,727,707,542,0.0
112,303,55329.0,531,851.0,583,1,642,795,116,0.0
679,390,280.0,355,0.0,190,0,678,522,819,0.0
339,192,793.0,443,2.0,590,0,877,300,520,0.0
683,558,2549.0,385,76.0,215,0,518,116,958,0.0
458,598,4422993.0,0,30111.0,177,1,272,758,734,0.0
898,641,34761.0,647,670.0,332,1,691,686,995,0.0
672,369,129708.0,336,478.0,291,1,3,446,300,0.0
757,287,194239.0,115,2429.0,285,0,511,73,411,0.0
666,609,25737872.0,76,39166.0,1,1,117,427,956,0.0
439,339,541776.0,304,6088.0,273,1,497,774,706,0.0
751,517,530.0,582,86.0,517,0,876,146,402,0.0
373,390,2982.0,613,95.0,414,1,166,301,577,0.0
674,326,116878.0,355,2006.0,310,1,2,721,302,0.0
375,182,310.0,14,66.0,39,0,500,133,582,0.0
255,235,4596596.0,101,20202.0,166,1,199,620,369,0.0
782,164,1568703.0,478,12465.0,243,1,933,959,470,0.0
543,584,29432.0,216,716.0,188,1,867,481,585,0.0
353,288,54876.0,613,172.0,88,1,19,289,858,0.0
302,333,16288.0,3,1507.0,418,0,928,48,454,0.0
948,686,67937.0,135,801.0,409,1,123,676,507,0.0
464,337,20537.0,144,757.0,557,1,255,687,129,0.0
914,106,70181502.0,32,100576.0,596,1,973,252,738,0.0
632,178,20305.0,157,585.0,142,1,753,474,217,0.0
309,224,121588.0,472,432.0,527,1,575,745,469,0.0
738,376,87459.0,98,4796.0,535,1,195,7,386,0.0
716,255,11866.0,453,675.0,73,1,624,834,630,0.0
934,376,2244332.0,587,15801.0,28,1,514,835,780,0.0
623,389,10015.0,195,798.0,394,0,439,113,600,0.0
597,408,2908.0,44,105.0,439,1,200,171,171,0.0
228,494,1477.0,436,2.0,419,0,231,419,324,0.0
1012,653,199.0,510,14.0,392,0,174,63,877,0.0
1000,393,296697.0,608,4906.0,351,1,304,996,881,0.0
242,523,1458.0,127,25.0,176,0,852,300,350,0.0
137,375,1874021.0,646,5766.0,521,1,887,873,149,0.0
692,231,4681963.0,533,27764.0,287,1,879,989,317,0.0
273,341,29978.0,406,968.0,501,1,18,775,941,0.0
802,292,4095667.0,671,8997.0,363,1,408,592,512,0.0
871,475,1176260.0,131,5091.0,221,1,930,233,619,0.0
257,486,1496983.0,261,40709.0,546,1,203,927,372,0.0
57,4,916.0,92,13.0,21,0,713,346,70,0.0
484,431,15511.0,690,718.0,167,1,425,456,792,0.0
360,335,435871.0,239,4662.0,456,1,414,810,557,0.0
744,590,357722.0,108,4392.0,228,1,504,929,393,0.0
539,586,549861.0,462,7891.0,563,1,41,994,891,0.0
407,240,2017432.0,99,23977.0,435,1,446,838,642,0.0
222,210,48020.0,407,552.0,336,0,916,417,306,0.0
366,333,829840.0,624,1338.0,148,1,808,596,567,0.0
658,392,53791.0,666,2600.0,244,1,78,32,259,0.0
149,166,310472.0,437,2042.0,591,1,437,918,172,0.0
823,269,473692.0,11,8507.0,412,1,426,739,556,0.0
179,337,108643.0,88,1451.0,452,1,721,930,227,0.0
151,270,44361817.0,554,53277.0,294,1,576,969,178,0.0
593,626,1145274.0,583,11585.0,482,1,918,905,156,0.0
46,52,318616.0,538,1986.0,119,1,260,347,62,0.0
322,584,682267.0,102,14144.0,105,1,907,900,487,0.0
911,395,15.0,516,0.0,151,0,507,109,733,0.0
145,367,108372.0,224,2908.0,319,1,917,469,166,0.0
13,18,13146.0,675,253.0,458,0,415,410,20,0.0
657,585,1340385.0,150,15512.0,530,1,632,844,258,0.0
467,288,469948.0,503,356.0,488,1,649,237,796,0.0
38,22,4096944.0,493,12207.0,515,1,974,402,53,0.0
902,435,8213.0,279,444.0,347,1,303,293,714,0.0
300,333,15470731.0,1,58394.0,564,1,593,987,447,0.0
931,667,347268.0,177,0.0,151,1,754,644,439,0.0
442,348,12056489.0,607,22809.0,120,1,352,225,712,0.0
189,176,84.0,138,2.0,77,0,133,497,257,0.0
175,143,21010.0,285,1587.0,131,0,112,267,794,0.0
584,472,2234.0,517,75.0,534,1,93,633,126,0.0
805,374,2932.0,696,107.0,82,1,781,13,525,0.0
429,326,1309.0,132,95.0,60,0,815,582,684,0.0
177,340,584886.0,16,0.0,517,1,189,784,223,0.0
586,358,259.0,209,1.0,560,0,202,205,135,0.0
476,368,13123.0,316,432.0,233,1,251,586,243,0.0
594,472,6013.0,188,382.0,451,0,32,583,159,0.0
122,164,300955.0,218,1011.0,289,0,748,300,163,0.0
415,153,1373222.0,515,7700.0,349,1,178,768,659,0.0
80,4,1520777.0,686,6158.0,425,1,151,348,25,0.0
928,156,495530.0,212,2852.0,316,1,606,770,771,0.0
803,133,3787784.0,504,35850.0,471,1,94,698,517,0.0
775,355,2887328.0,34,10029.0,153,1,607,914,450,0.0
169,90,41913.0,658,987.0,354,1,147,636,781,0.0
753,332,2005920.0,321,12077.0,534,1,797,933,406,0.0
654,342,2617549.0,555,10813.0,405,1,557,621,247,0.0
831,289,135.0,378,9.0,461,0,34,430,568,0.0
132,158,242539.0,229,2774.0,502,1,587,763,139,0.0
42,4,101094.0,138,722.0,217,1,155,325,58,0.0
286,567,3194846.0,387,3767.0,552,1,896,160,417,0.0
750,261,2673.0,392,3.0,538,0,427,263,388,0.0
511,186,46278.0,320,516.0,197,1,598,912,875,0.0
774,623,34324.0,50,965.0,51,0,383,565,449,0.0
865,337,10958029.0,563,55308.0,400,1,559,639,644,0.0
624,265,188115.0,512,1698.0,539,1,86,815,760,0.0
523,584,1257260.0,23,9590.0,0,1,289,938,853,0.0
372,337,7078.0,451,166.0,434,1,646,864,683,0.0
883,511,431.0,142,4.0,59,0,485,300,656,0.0
449,87,2118316.0,367,13328.0,432,1,584,1009,896,0.0
722,223,706845.0,522,2874.0,386,1,783,885,957,0.0
673,230,12129428.0,169,33576.0,371,1,545,880,779,0.0
68,53,8947.0,611,376.0,258,0,614,396,95,0.0
519,321,429499.0,242,4224.0,559,1,510,645,305,0.0
665,321,4403951.0,178,19582.0,151,1,494,730,285,0.0
965,477,11497.0,93,370.0,582,1,375,459,828,0.0
58,21,17701.0,53,120.0,264,0,859,415,74,0.0
33,70,15.0,234,0.0,74,0,730,359,46,0.0
361,293,342987.0,381,5635.0,484,1,209,997,561,0.0
1025,314,624991.0,642,4681.0,553,1,170,883,1020,0.0
981,200,560519.0,228,332.0,58,1,527,145,942,0.0
481,89,14737.0,358,357.0,141,1,333,723,784,0.0
524,185,66063403.0,354,106150.0,369,1,139,911,319,0.0
606,379,135875.0,342,985.0,37,1,807,975,187,0.0
301,584,1711038.0,95,9505.0,0,1,79,480,453,0.0
32,10,90.0,148,6.0,383,0,790,334,40,0.0
424,482,3437812.0,603,18478.0,528,1,695,926,675,0.0
78,75,340.0,413,2.0,282,0,254,350,3,0.0
176,148,21081.0,240,300.0,1,0,30,573,925,0.0
367,326,9213.0,519,86.0,532,0,909,250,549,0.0
436,199,303.0,29,0.0,372,0,849,521,465,0.0
693,395,718.0,52,11.0,578,0,59,122,713,0.0
919,395,4895.0,414,196.0,6,1,674,40,746,0.0
625,337,1729739.0,489,6459.0,567,1,703,606,213,0.0
997,157,249256.0,390,10147.0,575,1,880,437,876,0.0
873,174,3792.0,123,270.0,23,0,764,286,125,0.0
63,39,868976.0,420,2844.0,424,1,874,384,82,0.0
655,400,142.0,26,3.0,306,0,16,129,254,0.0
541,280,3380953.0,373,14255.0,154,1,596,602,113,0.0
651,337,1017758.0,570,9473.0,57,1,136,725,239,0.0
146,689,2000567.0,424,9674.0,565,1,726,156,168,0.0
75,4,11.0,480,0.0,1,0,109,412,89,0.0
787,476,1599.0,663,67.0,189,0,50,428,488,0.0
686,144,178.0,333,6.0,279,0,582,479,183,0.0
634,495,420699.0,19,5248.0,18,1,731,600,220,0.0
1007,675,1715.0,84,84.0,338,0,143,90,904,0.0
31,69,30.0,581,4.0,1,0,935,411,41,0.0
992,173,215.0,429,16.0,536,0,354,114,753,0.0
470,610,32.0,484,0.0,1,0,963,524,765,0.0
776,399,45044433.0,593,68157.0,218,1,955,82,978,0.0
455,238,22490.0,322,1342.0,384,1,261,889,452,0.0
